episode,return,cost,emissions,safety_violations,unmet_demand,actor_loss,critic_loss,entropy
0,-106426.60318208946,14683.22572342405,5767.271164238977,76,0,0.0,0.0,0.0
1,-116123.77737973124,62334.241844786324,8520.857505503174,81,0,0.0,0.0,0.0
2,-103893.69020401187,36485.52258368688,6266.437834965178,70,0,0.0,0.0,0.0
3,-110489.21335269367,52201.968529463236,7331.548228549364,74,0,0.0,0.0,0.0
4,-115334.48561600265,31809.868168440342,6899.42969788104,76,0,0.0,0.0,0.0
5,-114208.15659131095,44331.42640965502,7180.761208976617,77,0,0.0,0.0,0.0
6,-102832.16882377218,19313.15136488474,5795.028413750834,80,0,0.0,0.0,0.0
7,-113122.38772809072,30782.82941634002,6535.3513907551005,81,0,0.0,0.0,0.0
8,-112115.14411130076,55189.590401014386,7932.075637177249,71,0,0.0,0.0,0.0
9,-107826.3486366059,36638.69067823491,6435.31650981128,84,0,0.0,0.0,0.0
10,-105224.59189530753,51256.45717653113,7438.4652230888605,78,0,0.0,0.0,0.0
11,-113412.2092825018,62336.501967424294,8207.508555102218,77,0,0.0,0.0,0.0
12,-110491.75061558287,50405.709675367645,7972.510278020459,73,0,0.0,0.0,0.0
13,-113435.83496735212,53249.66503546351,7907.043287174308,71,0,0.0,0.0,0.0
14,-114155.30999470953,59268.67673737667,8608.740852829811,76,0,0.0,0.0,0.0
15,-117098.98837355558,67959.3371680461,8463.533159327153,75,0,0.0,0.0,0.0
16,-122243.51602485444,69079.47359425935,9196.559330968454,72,0,0.0,0.0,0.0
17,-102325.09188419246,34790.63690370735,5903.088017812554,72,0,0.0,0.0,0.0
18,-120041.41214212269,69015.61529365632,9086.58343465884,76,0,0.0,0.0,0.0
19,-117645.34030332268,81080.96840086312,9551.685896989862,76,0,0.0,0.0,0.0
20,-107313.0163899573,35863.838738331644,6760.251139652914,70,0,0.0,0.0,0.0
21,-104525.13286648542,40386.984036155874,6164.5865078932875,77,0,-0.09412578329443931,1482853.5375,6.964165363311768
22,-123140.65583025203,71454.73155964779,8988.016252911419,77,0,0.0,0.0,0.0
23,-111212.17369934641,50260.61551900391,7481.6361406141505,73,0,0.0,0.0,0.0
24,-116328.70328031843,70501.19267192882,8991.706925586295,71,0,0.0,0.0,0.0
25,-123060.57913415838,86563.76907627356,10391.845568974912,76,0,0.0,0.0,0.0
26,-106798.91427497022,26427.435511432814,5966.40049319954,81,0,0.0,0.0,0.0
27,-112068.07496791215,48880.09697817177,7291.746177766372,64,0,0.0,0.0,0.0
28,-121257.17775964629,62225.891430810174,9190.890769393678,72,0,0.0,0.0,0.0
29,-106200.16949366154,34978.32030357159,7166.92509422414,81,0,0.0,0.0,0.0
30,-106706.65353635751,31591.986702199247,6374.794686623398,73,0,0.0,0.0,0.0
31,-122124.96198910418,68306.34518091525,8524.656690363503,85,0,0.0,0.0,0.0
32,-117224.23128580411,60500.72381512131,8640.715180944459,78,0,0.0,0.0,0.0
33,-113734.70050513941,54780.13529061892,8214.278885348018,76,0,0.0,0.0,0.0
34,-102172.0733572109,5181.146297418317,5392.272435872305,71,0,0.0,0.0,0.0
35,-114114.83835032835,70488.68205627729,8954.734122029473,68,0,0.0,0.0,0.0
36,-116376.65644744154,57799.36270465782,7847.86382889071,81,0,0.0,0.0,0.0
37,-125610.23137694658,59273.98390368167,8617.6437025811,86,0,0.0,0.0,0.0
38,-114404.61853833515,32360.653765677296,7297.279822004392,78,0,0.0,0.0,0.0
39,-112061.23538893631,36752.0103433318,6895.69450039754,75,0,0.0,0.0,0.0
40,-120406.22744774989,70315.82974570758,9165.422481728592,72,0,0.0,0.0,0.0
41,-120859.2543040765,33627.6371472864,6969.478764612005,80,0,0.0,0.0,0.0
42,-119389.67045877657,68495.10723660463,9060.430011357574,75,0,0.0,0.0,0.0
43,-107102.15321665967,36384.25114865113,7095.807804133015,71,0,-0.12092192441225053,1616516.665,7.055971031188965
44,-124348.72929564906,69385.5426810022,9527.98060854527,81,0,0.0,0.0,0.0
45,-112361.21668305996,65050.247923563504,8203.661631215038,81,0,0.0,0.0,0.0
46,-113610.60034338081,64448.95422385113,8644.535483184065,77,0,0.0,0.0,0.0
47,-114703.21012977167,66719.33257642586,8591.161375063477,77,0,0.0,0.0,0.0
48,-117497.86312728847,69107.7685498204,9036.055200682229,71,0,0.0,0.0,0.0
49,-103438.85178305859,38105.91726540586,7065.226234856183,76,0,0.0,0.0,0.0
50,-111464.10424271642,65641.19384768154,8656.973820615403,76,0,0.0,0.0,0.0
51,-108605.69235105564,50909.87181739476,7281.950579174433,81,0,0.0,0.0,0.0
52,-101084.76554742496,29851.422760791247,5594.789023377286,77,0,0.0,0.0,0.0
53,-104625.56774096332,35220.65691523611,6779.747370594161,66,0,0.0,0.0,0.0
54,-108855.21659200292,22878.6486604164,7175.136325720851,79,0,0.0,0.0,0.0
55,-111772.13679638549,55293.995221483725,7614.661476204208,84,0,0.0,0.0,0.0
56,-115578.04762810677,60790.645275093826,8271.709705127123,73,0,0.0,0.0,0.0
57,-112052.58885514908,63038.195773415646,8204.804790205257,81,0,0.0,0.0,0.0
58,-104024.57268134777,30670.660186233075,5795.137786180613,70,0,0.0,0.0,0.0
59,-111307.22928255139,32513.650558336674,7165.815920473831,84,0,0.0,0.0,0.0
60,-114084.93986790882,54814.85526046753,7770.40639987361,76,0,0.0,0.0,0.0
61,-119649.32293646657,72593.48304349234,10052.269045888926,78,0,0.0,0.0,0.0
62,-106873.35363103519,36787.902339562694,6912.261775532056,76,0,0.0,0.0,0.0
63,-102806.9608938157,33471.06295986087,6651.647933083092,76,0,0.0,0.0,0.0
64,-111317.36324582103,7799.821296656007,6001.085484312232,78,0,0.0,0.0,0.0
65,-108873.80903585114,54713.82814506727,8039.284956017522,72,0,-0.11240516878664493,1754670.77,6.958574199676514
66,-120002.99138293076,75255.65201139572,9455.527222286262,73,0,0.0,0.0,0.0
67,-113458.11671823883,41572.39559926169,7394.393311041638,80,0,0.0,0.0,0.0
68,-95728.93263475824,18148.064805133115,5431.565386390964,66,0,0.0,0.0,0.0
69,-119930.54256587774,74080.27628589125,9338.569477119985,74,0,0.0,0.0,0.0
70,-106757.00453168758,29371.6675613529,6564.2527703997,74,0,0.0,0.0,0.0
71,-115505.23872322204,56190.00062765181,7898.511699907291,78,0,0.0,0.0,0.0
72,-121020.37642041733,64000.799485109805,8633.265057421962,71,0,0.0,0.0,0.0
73,-117126.14133606447,61271.485242259805,8874.539078885899,74,0,0.0,0.0,0.0
74,-99049.68456098935,23698.35405437069,5814.440526978783,78,0,0.0,0.0,0.0
75,-106003.24483956736,46491.0530002768,7097.062671096005,72,0,0.0,0.0,0.0
76,-108161.03870345697,52598.92727306733,8048.847848031919,70,0,0.0,0.0,0.0
77,-100644.46828672929,34119.87135663204,6187.461606450778,79,0,0.0,0.0,0.0
78,-104398.16816878827,50296.13889694767,7736.2888752236895,68,0,0.0,0.0,0.0
79,-103161.38930331485,29448.921780741923,6483.916745796616,79,0,0.0,0.0,0.0
80,-115845.80415235466,64209.322579111424,9099.95890786938,71,0,0.0,0.0,0.0
81,-113582.97099103786,53543.09567582747,8115.6903956397355,78,0,0.0,0.0,0.0
82,-103660.30119539054,21326.391046659908,6338.07444381521,75,0,0.0,0.0,0.0
83,-115417.66827872295,72461.36421182088,8816.867492436857,72,0,0.0,0.0,0.0
84,-112753.59068215585,61141.62699040781,8458.539604558835,69,0,0.0,0.0,0.0
85,-119164.22734152831,62570.675375397615,8691.079682788371,78,0,0.0,0.0,0.0
86,-112533.96855317424,52285.17720927518,7368.742230984152,73,0,0.0,0.0,0.0
87,-102766.01992827181,9053.186679017119,5694.649966376489,76,0,-0.1057275439798832,1376888.0075,6.8052152729034425
88,-114364.80580019075,70906.05261773954,8842.971572934293,72,0,0.0,0.0,0.0
89,-99668.34623709267,16451.48811746407,5694.284423333625,68,0,0.0,0.0,0.0
90,-110305.57847488286,63632.307140156445,8385.488207248163,74,0,0.0,0.0,0.0
91,-109678.37508922648,63065.62138078037,8248.46844110673,75,0,0.0,0.0,0.0
92,-108391.9685784429,57084.80396293786,8082.4262212285985,65,0,0.0,0.0,0.0
93,-119560.64182023641,76955.11858057871,9079.53347955298,76,0,0.0,0.0,0.0
94,-112291.85272424205,66336.21565089247,8349.930162323595,77,0,0.0,0.0,0.0
95,-105638.37580588947,37957.6989268245,7286.761782401996,68,0,0.0,0.0,0.0
96,-106771.0153738618,37744.01148050217,7034.77954608786,64,0,0.0,0.0,0.0
97,-108650.04850705278,48828.66797672825,7760.209888300095,77,0,0.0,0.0,0.0
98,-101480.84785506524,16965.977365794388,6616.1074061670015,74,0,0.0,0.0,0.0
99,-104911.80007233801,20249.720083200213,6638.898663713086,73,0,0.0,0.0,0.0
100,-107188.93332323561,55596.818945083854,8104.301573594512,73,0,0.0,0.0,0.0
101,-113115.41814708755,62711.33563658677,8522.929889029885,72,0,0.0,0.0,0.0
102,-118775.4196052942,68440.92826511832,8695.90391514074,73,0,0.0,0.0,0.0
103,-109756.01179868386,63584.35807713638,8227.023133333358,70,0,0.0,0.0,0.0
104,-96801.50489623524,30299.61440983584,5560.17895758775,73,0,0.0,0.0,0.0
105,-108205.0939268,61155.28377765118,8287.15477945389,73,0,0.0,0.0,0.0
106,-122083.32715287319,69266.50453694012,8858.36117324126,70,0,0.0,0.0,0.0
107,-117205.76927028676,59714.25223662549,8230.178951490298,71,0,0.0,0.0,0.0
108,-98980.3447583982,34044.80876210208,6582.945039984501,64,0,0.0,0.0,0.0
109,-113587.23497741134,66704.40755408633,8820.129776242555,70,0,-0.10426200814545154,1157311.91,6.656575155258179
110,-109555.86528239437,28506.257387927428,6180.430520029555,69,0,0.0,0.0,0.0
111,-111129.22376248916,49519.79887191465,7639.695908700144,72,0,0.0,0.0,0.0
112,-103973.86681881497,26236.962614379456,6658.504962771501,69,0,0.0,0.0,0.0
113,-105199.68642528458,54297.74807383828,7159.74587665277,73,0,0.0,0.0,0.0
114,-99328.90993130128,24544.487573137536,6183.3139223320395,71,0,0.0,0.0,0.0
115,-118402.6807529133,79264.95089276171,9533.981279147814,68,0,0.0,0.0,0.0
116,-107416.51503729602,64728.89236746995,8403.831807187371,78,0,0.0,0.0,0.0
117,-110392.76760434643,70264.17807113871,9133.561929363645,59,0,0.0,0.0,0.0
118,-107862.87720058436,67152.40954310299,8581.094864598092,69,0,0.0,0.0,0.0
119,-116156.53377221517,67931.4474892366,8999.74053448651,74,0,0.0,0.0,0.0
120,-120213.08701476757,94002.32875434571,10701.05957161616,65,0,0.0,0.0,0.0
121,-109246.36027766264,33713.26948428318,6659.229973405685,69,0,0.0,0.0,0.0
122,-104688.22583126169,38242.808009677065,6589.36661588284,75,0,0.0,0.0,0.0
123,-104236.63791017595,57324.54247378076,7336.383740306533,70,0,0.0,0.0,0.0
124,-112599.21230810025,67756.9150636458,8719.144255676012,71,0,0.0,0.0,0.0
125,-102787.4019357127,39912.13798942457,7256.104025064231,65,0,0.0,0.0,0.0
126,-113877.556631516,74230.09887200256,9251.195962359732,67,0,0.0,0.0,0.0
127,-101551.7406422177,33145.78938319088,6716.321062093642,71,0,0.0,0.0,0.0
128,-116148.86225118859,64725.33037045819,9367.262742587094,73,0,0.0,0.0,0.0
129,-101944.86482901599,19220.62491696891,6305.1736117832115,67,0,0.0,0.0,0.0
130,-114904.05285097638,58672.31037474683,8518.754826621753,67,0,0.0,0.0,0.0
131,-100181.9004710272,17992.996577785216,5678.45100435366,74,0,-0.10259728632867336,984857.33625,6.57471474647522
132,-112949.61304116613,69118.42555497843,9226.814280594923,68,0,0.0,0.0,0.0
133,-105381.31477503455,53223.81267635555,7923.7973865389795,65,0,0.0,0.0,0.0
134,-106726.05486165638,59927.04840905874,8163.7599217829365,68,0,0.0,0.0,0.0
135,-107763.92069056131,66094.15357117775,9053.728274744646,62,0,0.0,0.0,0.0
136,-111350.52469260624,74162.11482412246,9278.027958340457,71,0,0.0,0.0,0.0
137,-101538.99956078078,62258.02751690432,7709.189673215477,68,0,0.0,0.0,0.0
138,-112536.75006563247,69480.4305893224,8851.322598869907,67,0,0.0,0.0,0.0
139,-107222.08843979845,51189.09025394977,7325.748741821031,70,0,0.0,0.0,0.0
140,-104759.42520727609,23623.7995656312,6160.8642417533065,73,0,0.0,0.0,0.0
141,-110588.14954555134,70274.00583091594,8742.985351513897,69,0,0.0,0.0,0.0
142,-102710.29828660976,26252.024294022904,6227.3784796434675,64,0,0.0,0.0,0.0
143,-101860.11157556046,45672.93734333119,6918.032823624344,62,0,0.0,0.0,0.0
144,-113359.80904507914,58386.34543973613,8979.114872231043,71,0,0.0,0.0,0.0
145,-109500.5504767845,67404.13096474351,8325.822674933377,64,0,0.0,0.0,0.0
146,-109995.44660668218,76483.12364453521,9473.42697107946,57,0,0.0,0.0,0.0
147,-111838.63832202417,61554.08487687618,8323.35111982784,69,0,0.0,0.0,0.0
148,-104731.16113842106,37347.55432424952,6986.758297717155,70,0,0.0,0.0,0.0
149,-105008.04470540518,67480.77300606365,8525.03625774571,61,0,0.0,0.0,0.0
150,-104096.38232900649,37640.09215910091,6824.8150646869635,62,0,0.0,0.0,0.0
151,-95129.08832776727,28265.459521740613,5494.743693360853,62,0,0.0,0.0,0.0
152,-106011.09387134967,34612.36087517363,6273.663900782916,68,0,0.0,0.0,0.0
153,-99508.55031565209,34839.39243596864,6357.070240552895,61,0,-0.11659248180687427,853762.22,6.4148087978363035
154,-102646.75735924713,59047.288940897175,8640.214725126016,57,0,0.0,0.0,0.0
155,-112066.37380456417,66492.35202579696,8948.746837764174,65,0,0.0,0.0,0.0
156,-103713.3998779879,33365.330692218,6670.250846538412,59,0,0.0,0.0,0.0
157,-96325.86182595704,51316.51201106772,7141.629118807885,68,0,0.0,0.0,0.0
158,-110503.9752144035,75833.84009090008,8906.621078786553,70,0,0.0,0.0,0.0
159,-108488.75883444348,54465.42733447287,8496.364208182526,70,0,0.0,0.0,0.0
160,-109640.19193841066,74801.99512678276,9344.894904320963,73,0,0.0,0.0,0.0
161,-100511.34629698112,44951.3676961882,7190.833877563903,60,0,0.0,0.0,0.0
162,-109654.10896399159,83816.63990255988,9834.974544336148,57,0,0.0,0.0,0.0
163,-95526.69702038751,33033.92959091624,5847.9517441373055,75,0,0.0,0.0,0.0
164,-109412.22668947642,72413.87761568533,8792.258006877926,74,0,0.0,0.0,0.0
165,-110170.51503800991,55016.750729660904,9034.475526748076,62,0,0.0,0.0,0.0
166,-102906.9823975154,40843.141626547666,6591.830430684605,67,0,0.0,0.0,0.0
167,-108024.98826494883,40430.46379893362,7083.137131306218,75,0,0.0,0.0,0.0
168,-97390.43304723468,31518.532465464446,6762.434972424734,61,0,0.0,0.0,0.0
169,-103685.18804910636,40332.75359815273,7422.594998007322,65,0,0.0,0.0,0.0
170,-108644.43675387237,74796.48699532049,9494.89006140908,66,0,0.0,0.0,0.0
171,-103941.0632225154,47562.32593743281,6924.389985232076,66,0,0.0,0.0,0.0
172,-97353.56920498995,56002.360676237986,7913.812158265198,50,0,0.0,0.0,0.0
173,-103892.74056082252,63012.09743226601,8309.812141894465,56,0,0.0,0.0,0.0
174,-115493.31377079096,76744.64941188836,9572.05394270899,61,0,0.0,0.0,0.0
175,-104429.14804723409,60345.43836697006,8203.10631344364,67,0,-0.1140779048204422,815912.93375,6.324329929351807
176,-106356.96481428109,74613.52230806544,9255.773423932571,59,0,0.0,0.0,0.0
177,-92080.41573730657,53499.461084445364,7266.2908316046805,53,0,0.0,0.0,0.0
178,-98064.83746224527,54913.81379170719,7410.461143989371,52,0,0.0,0.0,0.0
179,-106412.49250549139,72394.75923414463,8957.993014727232,71,0,0.0,0.0,0.0
180,-100295.93232757927,62404.63365160255,7960.37147380137,59,0,0.0,0.0,0.0
181,-97151.13141512655,18986.623309399,6365.671467410448,57,0,0.0,0.0,0.0
182,-106547.28903779613,66824.07331440915,8538.52988145824,63,0,0.0,0.0,0.0
183,-105299.82299395258,66124.19565130371,8395.015689847842,65,0,0.0,0.0,0.0
184,-101217.3122877548,51061.81705821266,7511.261643219323,63,0,0.0,0.0,0.0
185,-100702.76196638444,37807.718317961255,7072.582589759169,62,0,0.0,0.0,0.0
186,-96646.01318369627,27694.600575159457,6275.966885257648,58,0,0.0,0.0,0.0
187,-102258.79409030765,57512.54336890818,7475.852669958692,66,0,0.0,0.0,0.0
188,-96674.667020829,59652.01665382249,7666.960955680744,58,0,0.0,0.0,0.0
189,-93808.84374925322,50595.97471440517,7149.3346391884315,60,0,0.0,0.0,0.0
190,-109621.5322285582,66250.75834944243,8535.849787460891,62,0,0.0,0.0,0.0
191,-93122.53364131773,4845.25705001464,5392.299915021189,73,0,0.0,0.0,0.0
192,-103459.33915621032,41600.32087173215,6731.665455506057,64,0,0.0,0.0,0.0
193,-104155.76019596777,70911.75968948189,8868.745954637234,57,0,0.0,0.0,0.0
194,-108423.07476134402,67438.88344567345,8624.440057528329,60,0,0.0,0.0,0.0
195,-105675.24635930303,73884.07718903116,9239.361876951081,61,0,0.0,0.0,0.0
196,-99472.49707406589,34553.24580291723,6304.2828952805285,64,0,0.0,0.0,0.0
197,-101941.07188376102,26571.66647181801,7135.5991355446695,58,0,-0.08956974469125271,649188.86875,6.18987099647522
198,-101956.13902607144,54046.41414989027,8121.172556944778,50,0,0.0,0.0,0.0
199,-94865.09045398334,33582.83468159359,6537.2356026594625,52,0,0.0,0.0,0.0
200,-95257.25041537143,42204.00914007285,6563.8570500464275,52,0,0.0,0.0,0.0
201,-100300.31373446879,59332.30878419747,8059.751156923823,57,0,0.0,0.0,0.0
202,-102211.58041080764,57925.98524826508,7707.000102758705,56,0,0.0,0.0,0.0
203,-106562.44313516721,44086.59008798449,7288.789138012542,63,0,0.0,0.0,0.0
204,-100568.73078946733,73513.4630414664,8909.952350634621,52,0,0.0,0.0,0.0
205,-100917.59063511436,24216.046769920493,6768.422022374961,62,0,0.0,0.0,0.0
206,-92485.58040646095,41711.12929648922,6693.554554154485,57,0,0.0,0.0,0.0
207,-85795.95282403291,16788.8871006174,5744.264376399723,50,0,0.0,0.0,0.0
208,-101855.10043058742,41218.32839384594,7005.136897109683,55,0,0.0,0.0,0.0
209,-97178.66186101185,26212.301417929775,6187.668258076151,55,0,0.0,0.0,0.0
210,-97795.98661072765,40160.5180310272,6780.226938766272,60,0,0.0,0.0,0.0
211,-107820.33023597761,60175.449008284246,8307.279643564747,60,0,0.0,0.0,0.0
212,-93151.822122139,38554.887123383305,6803.036099843571,51,0,0.0,0.0,0.0
213,-98645.77304410901,47782.69803238056,7219.633717913683,58,0,0.0,0.0,0.0
214,-108354.63509615888,41855.41264556522,7098.378054203481,64,0,0.0,0.0,0.0
215,-92666.8616913115,19066.538831259328,6053.467778239394,60,0,0.0,0.0,0.0
216,-99446.84543663652,64271.74463179885,8162.060467221181,50,0,0.0,0.0,0.0
217,-105657.95537768323,62738.372742331536,8178.706376291133,66,0,0.0,0.0,0.0
218,-90052.95476240377,19134.279646391333,5536.466921701843,64,0,0.0,0.0,0.0
219,-89484.1540521247,37065.81379197732,6146.106060075563,52,0,-0.11721016082912683,489602.54625,6.082886142730713
220,-104433.72015058975,67624.97698834847,8860.711758148034,57,0,0.0,0.0,0.0
221,-89153.819955765,37595.937486384806,6023.492308996694,64,0,0.0,0.0,0.0
222,-93649.1864362714,46221.4703406763,7091.97878688318,59,0,0.0,0.0,0.0
223,-87802.53523116576,41832.50755617227,6557.4283060758835,57,0,0.0,0.0,0.0
224,-95467.19597377926,29815.501618530743,6222.415243054452,52,0,0.0,0.0,0.0
225,-99463.57388774054,55012.05972951287,7725.603240337684,59,0,0.0,0.0,0.0
226,-98028.03184197127,67386.71044929867,8634.9547247572,47,0,0.0,0.0,0.0
227,-92133.2504358816,29339.08097906998,5766.461500383662,62,0,0.0,0.0,0.0
228,-97719.38499999602,35939.54149379909,6382.132986310268,66,0,0.0,0.0,0.0
229,-98666.80949690184,25700.356925695287,5825.395077605743,72,0,0.0,0.0,0.0
230,-92410.16654712171,28008.917817985603,5989.192253224468,62,0,0.0,0.0,0.0
231,-90863.83323128462,40746.53686459094,6741.020559939187,55,0,0.0,0.0,0.0
232,-100842.80367509117,51662.55288362131,7741.109368357676,49,0,0.0,0.0,0.0
233,-113063.69674806787,70225.98966246449,8905.924408425995,71,0,0.0,0.0,0.0
234,-100858.28240863404,75312.91839109968,8829.45518958904,57,0,0.0,0.0,0.0
235,-100150.68358993948,57172.93140875664,7921.193102044023,57,0,0.0,0.0,0.0
236,-98352.7514521564,66687.1844623687,8307.627413105934,55,0,0.0,0.0,0.0
237,-96611.73515217628,16444.711244480888,5872.060133587388,54,0,0.0,0.0,0.0
238,-105496.43426222492,77313.53125390226,10036.46695493783,50,0,0.0,0.0,0.0
239,-103961.51095600451,54648.1500890655,7532.0718087322475,54,0,0.0,0.0,0.0
240,-101213.17501456369,69158.18879168176,8730.709767846938,44,0,0.0,0.0,0.0
241,-100211.52124305331,74330.54756790596,8763.64689532144,63,0,-0.09812310688197613,525037.95,5.929124174118042
242,-94253.80097916082,50427.09822272975,6992.3758166519765,65,0,0.0,0.0,0.0
243,-100230.72566624686,39981.737181947916,7396.860082420797,54,0,0.0,0.0,0.0
244,-102000.54180048025,60852.82210098586,8028.383988894685,58,0,0.0,0.0,0.0
245,-106390.2111590189,78224.56638673316,9642.705872610124,48,0,0.0,0.0,0.0
246,-99531.39586647657,59090.60610984745,7940.4317023123085,57,0,0.0,0.0,0.0
247,-90353.27066338324,35308.690934356055,6262.486779195331,55,0,0.0,0.0,0.0
248,-104961.47398315191,69650.8146783902,8599.88945439685,52,0,0.0,0.0,0.0
249,-98669.81049485829,34003.415475575326,6694.6047418000435,65,0,0.0,0.0,0.0
250,-87379.5258958576,25621.52862344402,5748.519015868531,57,0,0.0,0.0,0.0
251,-98853.07244529838,64554.08825291417,7853.478861566561,51,0,0.0,0.0,0.0
252,-111173.4391132106,78969.04821078463,9220.300894707982,55,0,0.0,0.0,0.0
253,-98006.38141413713,46772.11194608094,7590.612176468313,58,0,0.0,0.0,0.0
254,-107620.01245159341,80101.97747916578,10013.679054724584,48,0,0.0,0.0,0.0
255,-101417.82023231851,44477.16041908252,7117.996178316651,66,0,0.0,0.0,0.0
256,-104260.02393452796,72766.54327062328,9093.19166893605,50,0,0.0,0.0,0.0
257,-99894.56721264996,23796.99393347548,6965.521976568918,53,0,0.0,0.0,0.0
258,-96046.4035820969,64999.306855118535,8138.196093972455,50,0,0.0,0.0,0.0
259,-103900.7952674266,83001.60867544333,9545.346595465791,59,0,0.0,0.0,0.0
260,-93213.13020099248,77110.22875972738,8907.224277352392,42,0,0.0,0.0,0.0
261,-91348.31056557286,41206.267485950724,6552.468984153224,53,0,0.0,0.0,0.0
262,-100465.45259486312,79435.2968434748,9302.846488536064,46,0,0.0,0.0,0.0
263,-102351.81895542347,44164.37561445942,7408.896851178233,53,0,-0.1120952108502388,423676.766875,5.8611988353729245
264,-98997.93306679517,60864.7349564202,7946.599645766918,49,0,0.0,0.0,0.0
265,-97334.62640876253,62556.49239406563,8066.348552194358,46,0,0.0,0.0,0.0
266,-99392.99482834469,39106.977011091745,6969.788880179189,70,0,0.0,0.0,0.0
267,-91098.32719472166,32278.741788598316,6495.519237377412,52,0,0.0,0.0,0.0
268,-98306.34393374232,79220.8452851149,9424.927792293112,45,0,0.0,0.0,0.0
269,-88005.34704139661,41292.72291805556,6988.437966465069,49,0,0.0,0.0,0.0
270,-88686.56236039278,55923.9071396,7437.113646218247,44,0,0.0,0.0,0.0
271,-106041.64155529474,71396.66438983295,9376.89280837428,54,0,0.0,0.0,0.0
272,-92761.10936361115,18633.727823393656,5396.648504291717,59,0,0.0,0.0,0.0
273,-98484.12290851421,64077.19539860936,8006.6991215478,46,0,0.0,0.0,0.0
274,-90211.0933898741,62234.45199660181,7766.304989797421,45,0,0.0,0.0,0.0
275,-92257.4391517131,69559.92522272265,8154.303850527529,44,0,0.0,0.0,0.0
276,-102269.33057862909,84811.04583470868,9762.49890227592,42,0,0.0,0.0,0.0
277,-98350.52387084975,63554.936536751746,8972.662279787708,54,0,0.0,0.0,0.0
278,-94159.99842814577,58024.60458706721,7814.553460642133,46,0,0.0,0.0,0.0
279,-101360.43653915865,59318.01959588399,8604.099775684641,61,0,0.0,0.0,0.0
280,-101675.92267208557,74314.20397180434,9364.99561280079,48,0,0.0,0.0,0.0
281,-98555.19880350285,78803.09851463829,9536.20779791803,48,0,0.0,0.0,0.0
282,-93386.15552866108,66376.25300044256,8399.923712847423,48,0,0.0,0.0,0.0
283,-96097.23328074874,69896.67853888727,8397.415191740627,47,0,0.0,0.0,0.0
284,-94481.17146204025,54827.621479052395,7630.906680791379,48,0,0.0,0.0,0.0
285,-102400.46398642434,69717.42300940573,9200.362664117298,60,0,-0.09791893027722835,411328.275625,5.674442987442017
286,-103432.27059923929,72778.7205431232,8599.850455842334,52,0,0.0,0.0,0.0
287,-96240.01200227457,68908.48163403619,8227.298013838405,46,0,0.0,0.0,0.0
288,-90058.69908182349,30988.73702027439,6113.1282415606665,52,0,0.0,0.0,0.0
289,-91239.15582083057,23792.006922189787,5811.860522343141,60,0,0.0,0.0,0.0
290,-100032.39782691949,74935.6001655928,9023.119265289075,48,0,0.0,0.0,0.0
291,-97748.82944774156,66987.39508997981,8340.919007179826,42,0,0.0,0.0,0.0
292,-88041.53418655224,57021.90583048274,7489.886241443382,36,0,0.0,0.0,0.0
293,-100648.59309114484,72695.86389859044,9057.822814468229,49,0,0.0,0.0,0.0
294,-96848.05057243245,24356.581854768934,6309.4886676197575,62,0,0.0,0.0,0.0
295,-106170.1474409719,83181.33888570692,9902.927525370966,42,0,0.0,0.0,0.0
296,-88716.11064276623,41042.11809821365,6558.179962991232,55,0,0.0,0.0,0.0
297,-82091.636745353,3650.672228260486,4012.6611133237234,55,0,0.0,0.0,0.0
298,-92088.40499875383,56007.586936015025,7737.334617133126,44,0,0.0,0.0,0.0
299,-99440.45018431364,71280.75172041918,8691.942411903909,58,0,0.0,0.0,0.0
300,-95172.43975441522,60166.366840660514,7966.828116721558,42,0,0.0,0.0,0.0
301,-82096.51038049613,15223.878257046337,5621.616187597812,53,0,0.0,0.0,0.0
302,-95051.9093218245,57852.41849306583,7675.377668841149,45,0,0.0,0.0,0.0
303,-96933.03923721032,35693.67425507874,6200.130106909945,65,0,0.0,0.0,0.0
304,-84432.95105179821,47549.7200830625,6771.390982983247,47,0,0.0,0.0,0.0
305,-88865.23764651017,26637.798571942294,5965.692290646342,57,0,0.0,0.0,0.0
306,-89958.9795923255,28336.125976324158,6127.515060802776,52,0,0.0,0.0,0.0
307,-102257.85649644323,64960.370607152916,8766.568864429777,39,0,-0.09849765472114086,389176.229375,5.7722103309631345
308,-83745.75460711462,52461.81573018742,6918.226512311498,46,0,0.0,0.0,0.0
309,-89396.1533872487,12767.156252896357,5859.543571657274,58,0,0.0,0.0,0.0
310,-85525.10011129791,17278.529726494908,5250.809346684957,51,0,0.0,0.0,0.0
311,-87461.68837564974,22292.80235506477,5213.911264184188,55,0,0.0,0.0,0.0
312,-90247.32175640008,61375.455129825976,7364.589880807156,33,0,0.0,0.0,0.0
313,-90663.11898072464,30521.806426708707,5989.386548187689,52,0,0.0,0.0,0.0
314,-81148.02091745815,14539.131011649013,4890.740471170234,51,0,0.0,0.0,0.0
315,-89681.08489020012,65222.12960855014,7839.950188147837,37,0,0.0,0.0,0.0
316,-92657.6282826498,11332.859712896518,5792.778855513888,58,0,0.0,0.0,0.0
317,-88569.94201015063,40363.19125188531,6590.4958966117465,51,0,0.0,0.0,0.0
318,-94143.69024580863,57423.1822372564,7987.465808454894,56,0,0.0,0.0,0.0
319,-94347.9748223088,67874.46840858425,8766.941511512467,44,0,0.0,0.0,0.0
320,-100250.35245561556,73784.43989745672,9046.531206278132,40,0,0.0,0.0,0.0
321,-101593.35369734962,72934.63999540334,9048.194952808979,46,0,0.0,0.0,0.0
322,-94594.1675251328,59168.92775114378,7991.864163640932,46,0,0.0,0.0,0.0
323,-90174.16406174668,68342.18899449072,8398.974733467287,37,0,0.0,0.0,0.0
324,-88279.95114309751,53753.56006890585,7216.96751977985,40,0,0.0,0.0,0.0
325,-96549.19649639088,75571.05793996077,9010.964606202539,41,0,0.0,0.0,0.0
326,-98205.03423338433,61719.17840948868,8005.700612864144,41,0,0.0,0.0,0.0
327,-98484.8474308642,31945.42781953137,6721.268435965474,53,0,0.0,0.0,0.0
328,-95744.84579206193,63535.62129463149,8054.3411035614945,39,0,0.0,0.0,0.0
329,-93299.63757357061,64933.613153033824,8022.661628190453,45,0,-0.09617038227617741,296197.25125,5.557430143356323
330,-92116.61637232044,17297.54753960928,6002.629638993471,52,0,0.0,0.0,0.0
331,-99689.70848014018,75306.3989614969,9291.350385158845,48,0,0.0,0.0,0.0
332,-86860.1120842428,27421.323260211346,5440.369930407025,55,0,0.0,0.0,0.0
333,-91749.93999366437,75561.75811471819,8826.344191043887,43,0,0.0,0.0,0.0
334,-83229.9118141465,17629.77154328807,5954.197359419053,47,0,0.0,0.0,0.0
335,-87075.61915911426,69026.58012311088,8266.110492241754,34,0,0.0,0.0,0.0
336,-77818.88511995849,55650.64471373672,7266.127836729964,35,0,0.0,0.0,0.0
337,-93183.69933528925,26692.54601889536,6131.815329655123,52,0,0.0,0.0,0.0
338,-91027.17666160293,65971.80990770557,8026.527251013543,46,0,0.0,0.0,0.0
339,-96518.53552934305,71309.96343799711,9007.370980967718,44,0,0.0,0.0,0.0
340,-94939.71693316907,82918.12824449233,9693.099704425906,34,0,0.0,0.0,0.0
341,-91221.52190910754,62294.58985596045,7871.845235148287,41,0,0.0,0.0,0.0
342,-103342.86322989268,88842.2214745302,10415.256635353953,40,0,0.0,0.0,0.0
343,-88984.56422078251,2466.471885784008,5049.597805754042,56,0,0.0,0.0,0.0
344,-84561.57707396641,29523.531167628676,5587.6812756857835,49,0,0.0,0.0,0.0
345,-96149.20742921327,79959.27234055384,9254.69498264881,36,0,0.0,0.0,0.0
346,-97636.372811673,66158.21530457404,8451.000542175716,46,0,0.0,0.0,0.0
347,-99454.99416329141,74750.75548884414,9478.253826272887,31,0,0.0,0.0,0.0
348,-92121.77313181417,58540.10234025855,7877.540878734712,44,0,0.0,0.0,0.0
349,-89725.65295269327,67514.8572027281,8773.770563464004,39,0,0.0,0.0,0.0
350,-95229.44169727791,73914.32562444272,9255.645590124397,46,0,0.0,0.0,0.0
351,-86929.86591472373,59881.21420410989,7969.050212295722,35,0,-0.10203891478478909,263651.353125,5.347936935424805
352,-88005.72073816776,66254.46620147038,7976.713705405498,31,0,0.0,0.0,0.0
353,-85280.87998835654,58795.47468396504,7448.545969011585,29,0,0.0,0.0,0.0
354,-90109.055618482,32285.683182822697,6595.368589998852,54,0,0.0,0.0,0.0
355,-86196.64403577086,58188.94610328136,7584.391955468627,32,0,0.0,0.0,0.0
356,-86054.51247624481,66820.25774866066,7923.829024847539,37,0,0.0,0.0,0.0
357,-96079.69835580818,69216.00353415198,8310.95091567031,41,0,0.0,0.0,0.0
358,-93140.82520368279,48665.46927886908,7454.843007375201,44,0,0.0,0.0,0.0
359,-84495.66585684169,59747.1190498151,7622.276489934029,43,0,0.0,0.0,0.0
360,-85418.11647184376,58607.14716807116,7703.955576469071,33,0,0.0,0.0,0.0
361,-96422.62572377469,67614.78845700086,8554.189347859307,41,0,0.0,0.0,0.0
362,-80538.84775196562,13371.456795980937,5576.432445396232,43,0,0.0,0.0,0.0
363,-83484.41886568427,68626.83536012685,8061.024892681044,26,0,0.0,0.0,0.0
364,-80977.3942768949,21646.13153602996,5832.198193006279,40,0,0.0,0.0,0.0
365,-86245.72153095594,58700.80983622431,7487.509333052275,29,0,0.0,0.0,0.0
366,-78257.50449374855,59767.34515171529,7457.147092841871,32,0,0.0,0.0,0.0
367,-85691.1626174824,62068.73522467736,7618.278747477858,24,0,0.0,0.0,0.0
368,-90537.71234192127,49765.55001513082,6998.991134903497,43,0,0.0,0.0,0.0
369,-95812.63095971454,49252.8743017108,7453.490852499033,44,0,0.0,0.0,0.0
370,-89057.42497608525,53668.170712824176,7293.954067783079,49,0,0.0,0.0,0.0
371,-94642.98431699623,74960.03060104685,8924.35353303426,41,0,0.0,0.0,0.0
372,-98169.00141123995,44272.22614505927,7767.831291280373,54,0,0.0,0.0,0.0
373,-89992.85985749998,76607.35785517676,8723.181990230518,29,0,-0.09728985611349344,193773.4421875,5.178263511657715
374,-74024.21401457963,48777.712272479395,6172.02526136714,25,0,0.0,0.0,0.0
375,-87833.3234995823,36579.12246548463,6573.229113404085,48,0,0.0,0.0,0.0
376,-92885.05382670704,45321.27763460721,7202.360887754342,42,0,0.0,0.0,0.0
377,-87969.6834979558,54956.63349204798,7536.575529011553,41,0,0.0,0.0,0.0
378,-88115.62172328528,19035.288291880184,5882.968135147659,51,0,0.0,0.0,0.0
379,-82581.341224331,37759.802396148,6100.13833480194,54,0,0.0,0.0,0.0
380,-80300.1993318277,21673.26998147104,5984.737019714373,43,0,0.0,0.0,0.0
381,-90484.58814629016,32432.873848993593,6263.148873667928,41,0,0.0,0.0,0.0
382,-86943.38315645503,27088.99070618172,6662.52312212023,42,0,0.0,0.0,0.0
383,-87312.2942837153,47160.47345345154,6811.332739702969,46,0,0.0,0.0,0.0
384,-74309.98872986961,46931.16733435687,6401.102048372132,18,0,0.0,0.0,0.0
385,-91609.48811189449,17599.874411734974,5911.6580974986755,53,0,0.0,0.0,0.0
386,-90101.65779176197,60437.35207606348,7703.767486889652,35,0,0.0,0.0,0.0
387,-85223.048867575,46416.69350996189,6800.499250712114,33,0,0.0,0.0,0.0
388,-94263.08866047622,74920.18989335341,9060.899993937732,36,0,0.0,0.0,0.0
389,-92246.74796119824,62579.67772725542,7823.9453882954695,48,0,0.0,0.0,0.0
390,-88398.609328558,67540.37283781049,8201.635291324465,40,0,0.0,0.0,0.0
391,-84665.31875066482,10226.738041771734,5106.878406326177,47,0,0.0,0.0,0.0
392,-97760.77350405329,41682.73199528478,7489.440298342038,53,0,0.0,0.0,0.0
393,-79641.36155813177,22603.596983490104,4712.598234538223,40,0,0.0,0.0,0.0
394,-81273.41661609574,55842.53681401128,6974.043041145733,36,0,0.0,0.0,0.0
395,-96568.26104351121,43929.453025886236,7217.925971245314,52,0,-0.09934124562889338,271511.5046875,5.421021480560302
396,-81107.83870603473,32057.782891212053,6112.459454900105,34,0,0.0,0.0,0.0
397,-90364.50325423093,70034.47904393516,8707.769356939523,30,0,0.0,0.0,0.0
398,-93566.4466320546,31199.348819143248,6794.359470535322,42,0,0.0,0.0,0.0
399,-79076.56553804001,55774.470447118685,7429.090843632582,25,0,0.0,0.0,0.0
400,-81986.62626684812,59371.38530267685,7057.545087280851,43,0,0.0,0.0,0.0
401,-80916.52184434404,59726.25006214279,7499.24613911195,28,0,0.0,0.0,0.0
402,-87916.9133898764,60145.93733347594,7473.256659368883,35,0,0.0,0.0,0.0
403,-87747.14008445805,30747.82071615114,6141.313247202743,43,0,0.0,0.0,0.0
404,-82013.70899804677,63688.5417160183,7634.291352078479,27,0,0.0,0.0,0.0
405,-97106.29340318746,57822.12765554586,8850.043763936193,47,0,0.0,0.0,0.0
406,-82295.36924383641,23945.25002051479,5622.198169650706,38,0,0.0,0.0,0.0
407,-83337.42582899972,68545.33545370457,8023.593425521634,23,0,0.0,0.0,0.0
408,-86743.20617938062,69638.19349484776,8133.878389965903,26,0,0.0,0.0,0.0
409,-94280.47535397824,71063.4162268641,9110.915635668847,39,0,0.0,0.0,0.0
410,-83567.85100693865,31888.346503436165,5585.16998796098,36,0,0.0,0.0,0.0
411,-84896.49863681132,47548.69183905263,7181.801366388114,32,0,0.0,0.0,0.0
412,-90414.84062270643,64810.64295401077,8191.474670976237,40,0,0.0,0.0,0.0
413,-94126.78791902609,26194.89528672123,6230.282911633737,51,0,0.0,0.0,0.0
414,-86086.27106345035,68940.01581273417,8170.639639620841,28,0,0.0,0.0,0.0
415,-79520.29027021973,52995.67821736002,6653.504020032082,27,0,0.0,0.0,0.0
416,-89114.0446992823,62217.200298609285,8054.634569512814,32,0,0.0,0.0,0.0
417,-93575.16336431858,44122.8229461932,7216.686062630981,54,0,-0.08827182445675134,166894.121875,5.145387725830078
418,-84201.2430953793,63926.7329625877,8163.361160274977,27,0,0.0,0.0,0.0
419,-89089.13149751913,54116.825649064944,7454.339631573645,36,0,0.0,0.0,0.0
420,-75443.51059009762,58607.81895614382,7434.360797678445,26,0,0.0,0.0,0.0
421,-83101.09412377744,23547.57351001752,4905.385195945024,44,0,0.0,0.0,0.0
422,-79540.58212861296,49595.10993790487,6502.957469749114,32,0,0.0,0.0,0.0
423,-84759.21699490449,64935.04742412528,8070.696673033551,26,0,0.0,0.0,0.0
424,-86916.6493397714,61244.67129995865,7432.856097367769,41,0,0.0,0.0,0.0
425,-80685.0982219497,69058.6772988143,8048.522704396467,22,0,0.0,0.0,0.0
426,-87381.63547108351,72663.86706169997,9177.542720020376,18,0,0.0,0.0,0.0
427,-85671.8267050951,65730.90044581218,8209.29157079163,24,0,0.0,0.0,0.0
428,-79262.84925284555,51917.830467792235,6855.080987636133,33,0,0.0,0.0,0.0
429,-82394.91612674214,68531.04016271172,8171.109808987272,27,0,0.0,0.0,0.0
430,-92929.56633049606,72772.55222731744,8868.393882820941,29,0,0.0,0.0,0.0
431,-100631.12585205334,27376.652235347337,7066.701897552591,53,0,0.0,0.0,0.0
432,-98304.00117284697,64939.013086022074,8908.130196108645,38,0,0.0,0.0,0.0
433,-83164.20755114772,68334.10605002922,8466.036240959127,37,0,0.0,0.0,0.0
434,-84819.55367575395,66181.147273279,8356.217758699844,35,0,0.0,0.0,0.0
435,-76155.93325654292,55810.658797436256,7216.741692174137,24,0,0.0,0.0,0.0
436,-83149.8691769183,20119.947983923103,5953.582561755445,36,0,0.0,0.0,0.0
437,-86243.6807688791,66460.48358879457,8124.020356700467,30,0,0.0,0.0,0.0
438,-82749.83611927589,39763.89645222095,6977.938221816704,33,0,0.0,0.0,0.0
439,-87562.91292519211,72243.4589411214,9136.824905329895,30,0,-0.07939885150641203,153086.32125,4.937038459777832
440,-80742.07075933387,66859.83096699178,8151.120520903971,26,0,0.0,0.0,0.0
441,-78294.0746971922,48115.83536932336,6488.035810954405,27,0,0.0,0.0,0.0
442,-78068.04355966063,59192.81170510606,7391.197471417304,22,0,0.0,0.0,0.0
443,-76370.81966872115,54216.90472323643,7071.152384495622,25,0,0.0,0.0,0.0
444,-90002.7378897404,18942.109069022732,6158.005167026027,42,0,0.0,0.0,0.0
445,-92137.82265494454,25770.558286137468,5582.998551894161,50,0,0.0,0.0,0.0
446,-93053.8519376322,29677.048576659487,6249.901292577681,50,0,0.0,0.0,0.0
447,-92918.76439439863,32374.8017848453,6770.712843070252,45,0,0.0,0.0,0.0
448,-99174.72605733472,37153.018879611525,7141.154906880551,54,0,0.0,0.0,0.0
449,-83647.88237676882,55482.54934342705,7406.366293509681,21,0,0.0,0.0,0.0
450,-81717.70538563369,63762.501812765324,7611.603957562119,27,0,0.0,0.0,0.0
451,-79139.28903108733,62811.1968279416,7954.542292817079,24,0,0.0,0.0,0.0
452,-80557.55423785423,64787.126374611085,7711.645553284941,29,0,0.0,0.0,0.0
453,-77604.7414030212,64222.9218550853,7651.601465179451,29,0,0.0,0.0,0.0
454,-96581.57480855865,22516.208872047977,6830.849807582329,58,0,0.0,0.0,0.0
455,-83996.72416414833,21331.762187001324,5309.404685838049,58,0,0.0,0.0,0.0
456,-80846.9802538913,53398.27764848309,6829.523748447354,34,0,0.0,0.0,0.0
457,-97278.2597738336,79522.10086788707,9270.630023660322,35,0,0.0,0.0,0.0
458,-91004.37164366669,29030.00949262742,6054.483901496582,45,0,0.0,0.0,0.0
459,-100746.59973278212,80722.09618464965,10222.690270215115,35,0,0.0,0.0,0.0
460,-83863.56704129835,53133.68044412821,7094.993958588366,28,0,0.0,0.0,0.0
461,-97673.97815336852,26688.19687145584,6436.419034711272,46,0,-0.08468059170991182,280865.38625,5.230699625015259
462,-80941.76494288223,52094.739143340325,7293.909805070818,27,0,0.0,0.0,0.0
463,-86055.87038228266,67423.3175344196,8010.828724113684,31,0,0.0,0.0,0.0
464,-81095.99896806532,31736.87972082422,5872.011151028089,35,0,0.0,0.0,0.0
465,-92511.65312468141,14760.898152937412,6031.8717399593825,47,0,0.0,0.0,0.0
466,-96425.44627905762,68760.3802869743,9290.267314414683,40,0,0.0,0.0,0.0
467,-95545.48364003446,79220.11468753318,9549.802051847693,29,0,0.0,0.0,0.0
468,-88367.90986901158,68979.2996826793,8553.473783548787,30,0,0.0,0.0,0.0
469,-76371.56920141276,65104.15963441319,8083.867369007913,16,0,0.0,0.0,0.0
470,-93688.15552317734,38062.0026578419,6587.907182241946,48,0,0.0,0.0,0.0
471,-92761.96365555047,59323.037753632794,8810.197995172059,28,0,0.0,0.0,0.0
472,-83079.16766044505,15438.283943002692,5308.831690454982,45,0,0.0,0.0,0.0
473,-83707.70315813943,62856.10958089583,7778.98516153081,29,0,0.0,0.0,0.0
474,-90441.66194204366,27715.13685171939,5834.549554139943,45,0,0.0,0.0,0.0
475,-91280.96217924332,45211.97800690411,6743.17453890364,42,0,0.0,0.0,0.0
476,-93788.94856622613,43597.98524400414,6783.042823110915,45,0,0.0,0.0,0.0
477,-73347.27457133967,64674.7839205918,7634.811387572612,15,0,0.0,0.0,0.0
478,-78854.45651042288,63071.04513440014,7709.685922315662,23,0,0.0,0.0,0.0
479,-85495.86445865942,58464.647076877736,7898.871076773569,29,0,0.0,0.0,0.0
480,-79503.7958793609,72757.96530989393,8922.330276839302,22,0,0.0,0.0,0.0
481,-79900.9372730907,68304.34041538888,8224.956864042291,30,0,0.0,0.0,0.0
482,-99340.67706365591,36617.879386380104,7027.631492589235,44,0,0.0,0.0,0.0
483,-75908.53760539943,60773.17839345271,7243.210245829552,18,0,-0.09153921954333782,153248.851875,5.044362344741821
484,-70847.18429903292,53845.41282678824,6846.886240183425,20,0,0.0,0.0,0.0
485,-82294.73253558263,69318.19849181367,8013.297468016222,23,0,0.0,0.0,0.0
486,-78718.2222560524,71915.71233434051,8397.743650505448,20,0,0.0,0.0,0.0
487,-89988.65399371718,63670.65882586722,8366.047986109948,28,0,0.0,0.0,0.0
488,-73926.03490260207,51171.103244576494,6650.955190506181,20,0,0.0,0.0,0.0
489,-87886.72990635717,64929.30807008135,7800.638533848638,29,0,0.0,0.0,0.0
490,-87504.92341261749,78375.49488850695,9017.43872043259,24,0,0.0,0.0,0.0
491,-83259.81456100255,24739.685026425585,5619.245176971283,39,0,0.0,0.0,0.0
492,-73635.65304093536,64690.7088367489,7631.166987259067,24,0,0.0,0.0,0.0
493,-74340.33206549953,69183.69315910849,8275.808219588927,17,0,0.0,0.0,0.0
494,-86421.59777448922,69305.31302044603,8603.801768425341,31,0,0.0,0.0,0.0
495,-82162.26510141251,75596.36017300369,8869.237628344275,18,0,0.0,0.0,0.0
496,-82951.70208417204,69635.42419143711,8491.16111327238,18,0,0.0,0.0,0.0
497,-89181.14384907769,34279.199692711474,6451.214053399104,38,0,0.0,0.0,0.0
498,-85166.48980464796,21636.254722727594,5522.185095666324,55,0,0.0,0.0,0.0
499,-81531.86137638391,64702.75441924658,8122.375787003799,28,0,0.0,0.0,0.0
500,-84607.13589542756,61908.07172245769,7495.877443544432,24,0,0.0,0.0,0.0
501,-80435.07593339043,57438.14844798203,7127.80382108565,33,0,0.0,0.0,0.0
502,-87698.61670511618,30572.900235366564,5899.722390506612,44,0,0.0,0.0,0.0
503,-68470.0903299786,61567.91021893845,7441.455507922301,21,0,0.0,0.0,0.0
504,-88536.83747365078,26906.050600979834,6255.393873881008,48,0,0.0,0.0,0.0
505,-67174.85567852588,49831.48538884821,6198.2597095079045,20,0,-0.07429303705692292,132191.42328125,4.871065015792847
506,-80746.59111637875,50857.7583818299,6679.546729448646,29,0,0.0,0.0,0.0
507,-75712.04917844653,73598.54555658503,8412.297112716627,16,0,0.0,0.0,0.0
508,-79955.34293861296,65278.39077175057,7998.596610326247,22,0,0.0,0.0,0.0
509,-91259.40540508916,40247.60906911372,6373.709101384072,47,0,0.0,0.0,0.0
510,-90176.44454685936,55646.30747467356,8231.580016346357,28,0,0.0,0.0,0.0
511,-103094.11740602822,80813.95084678198,10672.393584441665,39,0,0.0,0.0,0.0
512,-76634.73770768913,58677.34123128387,7228.492720193546,23,0,0.0,0.0,0.0
513,-78805.24799878043,60571.58107691915,7699.862271885835,33,0,0.0,0.0,0.0
514,-76748.41227178293,60983.3787165639,7556.354389187466,18,0,0.0,0.0,0.0
515,-93709.32522096606,72147.51598619578,9234.712375206818,23,0,0.0,0.0,0.0
516,-89604.19302173128,65020.63915606685,9031.962543466996,30,0,0.0,0.0,0.0
517,-76775.85475609981,60007.11889392778,7434.555424252022,16,0,0.0,0.0,0.0
518,-78201.86983632534,67262.07155256947,8060.814257408219,16,0,0.0,0.0,0.0
519,-86565.52151070582,68445.83822140301,8109.228225007849,25,0,0.0,0.0,0.0
520,-79574.65741758306,71240.41272311112,8330.620023252366,27,0,0.0,0.0,0.0
521,-78947.13622586174,55401.20301204423,7114.813411520845,18,0,0.0,0.0,0.0
522,-84667.49340093265,72632.91138781731,8308.26506363888,24,0,0.0,0.0,0.0
523,-98628.95026654287,69214.85411274976,8861.23275855513,47,0,0.0,0.0,0.0
524,-78869.27181964777,67243.11264658191,8031.195798715002,21,0,0.0,0.0,0.0
525,-75353.60475095667,61712.50010557508,7905.187615535353,22,0,0.0,0.0,0.0
526,-93254.06051197836,36751.81090092851,6867.615094089232,46,0,0.0,0.0,0.0
527,-89046.86592873454,67187.12818479755,8216.023049179445,28,0,-0.083075803630054,117876.700625,4.777915849685669
528,-76249.41842319361,67385.9199696268,7892.431632910132,20,0,0.0,0.0,0.0
529,-69842.50748048892,58471.484214990116,7057.524066243399,19,0,0.0,0.0,0.0
530,-99089.30576714977,38038.03624113592,6958.391679109944,48,0,0.0,0.0,0.0
531,-85150.67639745564,29701.19672892492,6282.022731929713,43,0,0.0,0.0,0.0
532,-77332.9304439393,67679.61951486285,7920.352053456187,9,0,0.0,0.0,0.0
533,-90029.33569103871,49114.174613481,8259.957094567768,35,0,0.0,0.0,0.0
534,-90155.00283212417,55833.87074175278,7834.966094098413,47,0,0.0,0.0,0.0
535,-98101.94473665225,34539.96589949535,6760.646936589183,49,0,0.0,0.0,0.0
536,-95612.56640814955,25323.34760620143,6458.899582003935,47,0,0.0,0.0,0.0
537,-95562.1783990841,62630.42844432175,9486.772548249093,23,0,0.0,0.0,0.0
538,-76314.90368744708,58258.72972252537,7193.773593165334,17,0,0.0,0.0,0.0
539,-93024.89344911654,36488.793538326696,6707.450482735988,41,0,0.0,0.0,0.0
540,-75275.68224732464,69695.56081680383,7983.758475403149,19,0,0.0,0.0,0.0
541,-94615.15576521351,61560.67792741652,8968.966493694208,41,0,0.0,0.0,0.0
542,-92117.91313773835,54429.447814541025,8356.212759710203,29,0,0.0,0.0,0.0
543,-95395.32148163462,30843.179297871586,6837.217804450271,44,0,0.0,0.0,0.0
544,-69093.30219751126,51167.039730966906,6544.588133504781,18,0,0.0,0.0,0.0
545,-94789.05317307303,21474.851382056837,5952.984553051804,58,0,0.0,0.0,0.0
546,-92932.37005467476,48064.42508637172,7063.952418728402,49,0,0.0,0.0,0.0
547,-88038.86093114714,66345.64535178553,8586.136873555475,23,0,0.0,0.0,0.0
548,-85174.99568306764,29015.830359164036,6263.576811317151,46,0,0.0,0.0,0.0
549,-87313.64757383912,19216.30974308701,5534.429427313805,50,0,-0.10916827075183391,280753.299375,5.553742542266845
550,-72935.99399062138,59724.98145148814,6919.79745947395,25,0,0.0,0.0,0.0
551,-73363.78996144442,60619.70804494458,7413.603537357594,18,0,0.0,0.0,0.0
552,-78779.03456617589,67308.97672448364,7785.890401491793,20,0,0.0,0.0,0.0
553,-99650.98599387168,21004.086635607197,6577.3710986787655,51,0,0.0,0.0,0.0
554,-85462.32104048684,85967.94749197685,9351.027510632452,21,0,0.0,0.0,0.0
555,-72514.28388359769,52402.2752699752,6469.154971973574,20,0,0.0,0.0,0.0
556,-75249.39822261721,70484.20684285786,7869.432395198059,17,0,0.0,0.0,0.0
557,-92678.46178248787,45133.07419174557,8171.545162772181,43,0,0.0,0.0,0.0
558,-95988.99379579478,22194.474778783548,6008.892200042833,46,0,0.0,0.0,0.0
559,-85292.09786706991,51687.66489188879,6938.238094662927,23,0,0.0,0.0,0.0
560,-85836.26518410143,72346.05034057921,8684.060891151214,29,0,0.0,0.0,0.0
561,-87173.94174265917,67481.60946396334,8623.821258275544,34,0,0.0,0.0,0.0
562,-90538.03314297041,63572.99715517376,8657.964977287465,38,0,0.0,0.0,0.0
563,-95729.73572296143,38451.39815269323,6924.604074711872,43,0,0.0,0.0,0.0
564,-77717.37959386772,66663.6163044615,7881.876885638023,24,0,0.0,0.0,0.0
565,-97053.89075997856,26540.834151223302,6117.492333095125,59,0,0.0,0.0,0.0
566,-88992.14284337685,30742.570702065364,5795.837978124778,49,0,0.0,0.0,0.0
567,-90894.43191038807,53518.58642028436,7819.330102895249,29,0,0.0,0.0,0.0
568,-78047.24913318285,64366.15859477474,7621.965017059504,16,0,0.0,0.0,0.0
569,-96061.97328765786,28942.160273968,7266.781845079293,53,0,0.0,0.0,0.0
570,-73174.36263099697,72610.06974678513,8124.640666310132,23,0,0.0,0.0,0.0
571,-79935.03900727989,75424.96744795144,8910.804198317826,19,0,-0.09846192441880702,263938.659375,5.160588340759277
572,-77463.05213912574,69596.59943584783,8204.739962776463,21,0,0.0,0.0,0.0
573,-71485.39090748968,58931.62388642749,7047.284108654092,21,0,0.0,0.0,0.0
574,-98733.69525176106,42658.38345248554,7273.283951362448,50,0,0.0,0.0,0.0
575,-97677.37211338122,35000.672124404846,7548.5549187829165,49,0,0.0,0.0,0.0
576,-93517.96605130433,42776.234349877835,7043.689971891044,44,0,0.0,0.0,0.0
577,-103423.79375549723,33760.347029458666,6497.550758517658,59,0,0.0,0.0,0.0
578,-73422.96922030032,57169.51336990739,7113.078997072458,17,0,0.0,0.0,0.0
579,-77711.75827769555,63970.98493490673,7681.159988620348,20,0,0.0,0.0,0.0
580,-79830.50410936553,69981.4124312089,8087.503127800357,13,0,0.0,0.0,0.0
581,-86816.62194586672,40030.54520051517,6733.117429158748,45,0,0.0,0.0,0.0
582,-88314.7359599402,46672.663368908194,6801.730883436235,45,0,0.0,0.0,0.0
583,-84129.6674024303,68329.20380278565,8509.803239398128,34,0,0.0,0.0,0.0
584,-82344.29285117045,42869.87539811518,7137.123221296817,29,0,0.0,0.0,0.0
585,-82469.27166570099,50413.69551072014,7059.869930481916,30,0,0.0,0.0,0.0
586,-85545.53173030664,59241.218249079175,7895.472421918758,32,0,0.0,0.0,0.0
587,-72717.35486543523,65333.13186217414,7854.519024163927,19,0,0.0,0.0,0.0
588,-95148.19352835412,46427.86879048971,7631.957981530133,37,0,0.0,0.0,0.0
589,-93225.62040858582,26813.366219702824,6440.795535697058,53,0,0.0,0.0,0.0
590,-66951.36726259795,65539.68500822259,7404.885524823303,16,0,0.0,0.0,0.0
591,-87165.29726180455,50813.89835664597,7497.0905970139565,39,0,0.0,0.0,0.0
592,-79955.7421712403,77425.62708229186,9078.814991839148,17,0,0.0,0.0,0.0
593,-79643.44652584037,74726.15795361398,8513.196388844599,22,0,-0.10395139753818512,270823.4825,5.273826217651367
594,-88618.2526478245,16401.03374241806,5826.02561435091,38,0,0.0,0.0,0.0
595,-74580.27871200073,64509.86174530383,7683.200285754815,10,0,0.0,0.0,0.0
596,-76396.82126099232,71755.86996526689,8149.044716975042,26,0,0.0,0.0,0.0
597,-77602.97541727427,64603.39219401492,7655.335909933318,16,0,0.0,0.0,0.0
598,-87838.07118041306,31352.707205829636,5982.7308732116335,36,0,0.0,0.0,0.0
599,-77486.34903867134,68691.33117294608,8197.801171835861,14,0,0.0,0.0,0.0
600,-90541.19974348605,39611.80920716947,7123.034289181793,41,0,0.0,0.0,0.0
601,-84488.06166844386,77480.73159462644,8828.022167174173,30,0,0.0,0.0,0.0
602,-67984.46289488909,50072.32614774183,6432.7647627027545,18,0,0.0,0.0,0.0
603,-85076.28103124569,37263.49005551345,6469.168805926388,40,0,0.0,0.0,0.0
604,-74910.34843190786,65169.98301142995,7802.042089291106,21,0,0.0,0.0,0.0
605,-69267.84991890177,50499.49574601621,6399.295041831468,19,0,0.0,0.0,0.0
606,-101277.53699691241,32934.645888331,7458.44885081683,57,0,0.0,0.0,0.0
607,-77076.72891112308,70956.4876955586,8242.405329985688,22,0,0.0,0.0,0.0
608,-102591.91365708917,34296.5283669694,6936.658400367514,53,0,0.0,0.0,0.0
609,-73913.94189981303,70004.052309922,8045.84529413739,10,0,0.0,0.0,0.0
610,-80491.8052411402,58568.48419066729,7775.055466039755,22,0,0.0,0.0,0.0
611,-95344.08210876002,23840.802914829776,5999.379801906183,55,0,0.0,0.0,0.0
612,-99353.42139670116,82702.2627626376,10407.771786788324,31,0,0.0,0.0,0.0
613,-82680.12033772937,78010.74410495975,8941.9775401084,18,0,0.0,0.0,0.0
614,-69992.85656379476,45661.4744210503,6544.245668162821,14,0,0.0,0.0,0.0
615,-97320.06237561448,30258.26979070506,7365.033855358767,51,0,-0.09725095890462399,212872.71265625,5.107277526855468
616,-91207.44418165897,55165.139605043434,8172.497010599167,31,0,0.0,0.0,0.0
617,-69096.75649977606,61014.46661716671,7432.657543286348,13,0,0.0,0.0,0.0
618,-96334.0952260958,53698.54985203367,8342.362802931033,45,0,0.0,0.0,0.0
619,-70308.88666047361,58161.88778105688,7134.474376411161,16,0,0.0,0.0,0.0
620,-103059.3078459797,35574.43653975804,7348.459607130328,60,0,0.0,0.0,0.0
621,-67450.33261218654,58682.20111604999,6839.587046651533,11,0,0.0,0.0,0.0
622,-99966.59522153437,48761.14062634722,7516.19966280746,52,0,0.0,0.0,0.0
623,-79342.76319458667,61346.66435011023,7477.566686521259,15,0,0.0,0.0,0.0
624,-89759.50770367253,33854.13588930049,6305.137706060648,45,0,0.0,0.0,0.0
625,-91254.91232602659,38621.11988091303,6054.502042822652,41,0,0.0,0.0,0.0
626,-74049.94335208349,76490.03106114625,8598.066804626043,16,0,0.0,0.0,0.0
627,-76840.34628184632,65657.54971580139,7891.380755712444,16,0,0.0,0.0,0.0
628,-85180.85663067682,67831.62382892586,8632.208168481478,26,0,0.0,0.0,0.0
629,-78049.8646102015,71796.66985590798,8526.604981303703,17,0,0.0,0.0,0.0
630,-66925.55072295837,60882.54877565003,7171.882556955901,12,0,0.0,0.0,0.0
631,-67203.88207608521,64950.33193919559,7132.026653031982,12,0,0.0,0.0,0.0
632,-95259.5196729055,49973.50353103326,7283.301072243286,48,0,0.0,0.0,0.0
633,-70778.92184012927,60418.841895769736,7423.403490391215,8,0,0.0,0.0,0.0
634,-88263.75304748061,75710.37017939727,9441.790683738218,26,0,0.0,0.0,0.0
635,-96364.11241806645,70420.47458291454,8999.413218001804,31,0,0.0,0.0,0.0
636,-79528.31485871448,66987.18585087796,8249.78337622744,13,0,0.0,0.0,0.0
637,-97358.64133929231,16562.11059976803,6341.904348952141,49,0,-0.10027700822800398,252480.5665625,4.996332311630249
638,-85412.7852135067,48481.409796990694,7150.439290410401,33,0,0.0,0.0,0.0
639,-68484.57008056549,55250.071722085035,6767.204607055627,14,0,0.0,0.0,0.0
640,-95055.905299589,54354.21995317422,8580.56515216514,38,0,0.0,0.0,0.0
641,-66916.38700309639,63014.16884243945,7269.320377751034,8,0,0.0,0.0,0.0
642,-102938.35252663688,35611.6298958634,7017.054586914995,55,0,0.0,0.0,0.0
643,-94464.02962042528,58210.650648660194,8508.43501587458,33,0,0.0,0.0,0.0
644,-88015.38756483981,32881.42260547513,6724.4194684976865,43,0,0.0,0.0,0.0
645,-91064.24152777667,35127.56219785731,6384.702814736116,46,0,0.0,0.0,0.0
646,-76366.3051691071,55837.43145338586,7045.604711241279,17,0,0.0,0.0,0.0
647,-76643.92684458841,72694.80874595634,8229.100994580962,10,0,0.0,0.0,0.0
648,-87103.68632390475,71476.2399267017,8905.922285199336,22,0,0.0,0.0,0.0
649,-67345.82099274114,61134.182479265124,7332.864812983079,11,0,0.0,0.0,0.0
650,-90746.17433900361,30060.099655140817,6370.909970029616,61,0,0.0,0.0,0.0
651,-94919.6139169897,13597.902346858065,6373.8936251276555,47,0,0.0,0.0,0.0
652,-75967.00755328707,70894.65149660587,8097.940482121673,7,0,0.0,0.0,0.0
653,-74939.28545467307,53439.60073290293,6513.737726585306,16,0,0.0,0.0,0.0
654,-90873.98596861145,30951.285945077358,6060.654548707052,48,0,0.0,0.0,0.0
655,-100133.62372626235,50879.035741789456,7803.479625857688,45,0,0.0,0.0,0.0
656,-93755.54808718087,58534.27329246375,8619.716755180672,41,0,0.0,0.0,0.0
657,-72209.15240865223,68933.95436200885,7894.667538070031,11,0,0.0,0.0,0.0
658,-96174.42898571213,29035.13863639827,5740.195321895426,55,0,0.0,0.0,0.0
659,-87458.58454833711,84616.42152677695,9617.188337098392,18,0,-0.09848953507840634,306833.01125,5.329133577346802
660,-93198.05084504891,38653.795935245216,6509.535839043251,58,0,0.0,0.0,0.0
661,-80570.50775681614,42018.5092778687,6655.51863343543,28,0,0.0,0.0,0.0
662,-81340.81595873155,60076.58680709795,7482.669688946214,28,0,0.0,0.0,0.0
663,-73557.3959980006,51963.03987099223,6820.977660070241,22,0,0.0,0.0,0.0
664,-64196.177748875314,54455.526131543025,6630.597217270089,11,0,0.0,0.0,0.0
665,-74570.71422076185,66599.3840127989,7841.31567160089,15,0,0.0,0.0,0.0
666,-77127.26256395494,65890.35007350091,7826.284599872396,25,0,0.0,0.0,0.0
667,-90392.85939103963,61076.87846263884,8179.986709114263,32,0,0.0,0.0,0.0
668,-70253.04172984228,67135.5627406539,7550.100507015698,12,0,0.0,0.0,0.0
669,-91572.49374192503,75985.75808169068,9234.06444830473,28,0,0.0,0.0,0.0
670,-76479.5368498852,65442.2727882846,7943.3189571779185,12,0,0.0,0.0,0.0
671,-70066.57600923476,64452.24581247291,7602.158443086403,13,0,0.0,0.0,0.0
672,-75269.30010471834,60658.5440512917,7592.302717476245,16,0,0.0,0.0,0.0
673,-95243.16904755744,71605.38486774318,9509.442539599273,29,0,0.0,0.0,0.0
674,-78671.0652012169,77813.69073089468,8680.667836232895,13,0,0.0,0.0,0.0
675,-70488.77960510347,61652.03532038067,7323.440360726564,20,0,0.0,0.0,0.0
676,-98581.26183137656,40892.022187483366,7460.991305193933,53,0,0.0,0.0,0.0
677,-87214.32665088361,20602.294965337936,5803.459131114998,43,0,0.0,0.0,0.0
678,-80159.64091862844,59984.05110126089,7693.8344877707505,21,0,0.0,0.0,0.0
679,-70241.16515213174,54858.79478149634,6717.730957945925,16,0,0.0,0.0,0.0
680,-102496.7717787995,44853.07984966322,7889.658191124694,44,0,0.0,0.0,0.0
681,-70106.23871307781,60523.81385236128,7370.909972473039,9,0,-0.09243376154452562,196670.65640625,4.8003887176513675
682,-94404.60186827826,14642.736195854446,5936.388894085235,54,0,0.0,0.0,0.0
683,-75600.47666757753,66189.15000049086,7729.743463614083,16,0,0.0,0.0,0.0
684,-92339.78393631864,66411.6930319183,8501.761202456679,42,0,0.0,0.0,0.0
685,-98773.71403849311,29596.721750179993,6387.339324422763,63,0,0.0,0.0,0.0
686,-98017.21915211636,12923.172654113445,5673.927559013592,56,0,0.0,0.0,0.0
687,-73111.96356295547,60095.22616077253,7568.6016471199555,13,0,0.0,0.0,0.0
688,-99893.61846307726,38670.768269432025,7271.53792095254,48,0,0.0,0.0,0.0
689,-89978.47337216126,55770.8969429664,8315.781627738608,37,0,0.0,0.0,0.0
690,-90954.77306319319,39676.0549404804,6095.81622361057,53,0,0.0,0.0,0.0
691,-66912.52540067889,55295.36177544111,6720.553061804506,7,0,0.0,0.0,0.0
692,-69311.79077426845,62048.640308160066,7195.044649668886,17,0,0.0,0.0,0.0
693,-71752.50483254952,58340.87301139233,7082.056332576868,14,0,0.0,0.0,0.0
694,-65135.81943789321,62159.58203220088,7326.827382599038,9,0,0.0,0.0,0.0
695,-86008.00675955825,37450.5240496485,6498.515804481402,29,0,0.0,0.0,0.0
696,-64734.29111950567,66738.27281050451,7285.7344194877005,7,0,0.0,0.0,0.0
697,-72459.69239351078,58359.20846332863,7485.3159422294375,17,0,0.0,0.0,0.0
698,-67584.14006072129,59083.095419210134,6883.434201120361,7,0,0.0,0.0,0.0
699,-78619.59048636023,68177.81654584748,8507.529167454406,20,0,0.0,0.0,0.0
700,-91870.64762506583,52046.875605658584,8229.077476324868,37,0,0.0,0.0,0.0
701,-99578.648708256,27170.29717790264,6749.7110858508595,57,0,0.0,0.0,0.0
702,-72779.30276486804,68710.23225222723,7986.536108254216,11,0,0.0,0.0,0.0
703,-69232.1009417531,63024.49448707029,6991.703658672706,12,0,-0.10617195770144462,292013.943125,5.190284175872803
704,-70546.54972815434,68130.37829509254,7801.40337013184,16,0,0.0,0.0,0.0
705,-69619.78500297894,71791.4060487822,8028.421028794739,9,0,0.0,0.0,0.0
706,-82372.08246246765,62014.41993173433,7563.315138110777,27,0,0.0,0.0,0.0
707,-62681.3066656519,52996.879313797675,6314.516789859014,7,0,0.0,0.0,0.0
708,-75355.31716129971,68466.45240993047,8091.291310585974,14,0,0.0,0.0,0.0
709,-76583.70374138717,63344.978411328826,7913.505074573809,21,0,0.0,0.0,0.0
710,-100075.92575951561,35793.295174066036,6925.012489638888,52,0,0.0,0.0,0.0
711,-96299.21221900349,16297.47954687367,5899.351508566937,60,0,0.0,0.0,0.0
712,-107270.8055857226,25805.169940051972,6380.258793493991,63,0,0.0,0.0,0.0
713,-62344.44617807125,59755.98743708012,6925.786540634247,8,0,0.0,0.0,0.0
714,-76225.93494059535,55512.030339824036,7501.167271831769,27,0,0.0,0.0,0.0
715,-93363.12481572431,15074.862503607555,5620.373578337201,56,0,0.0,0.0,0.0
716,-72298.42708291637,65303.3584774149,7856.575303027671,15,0,0.0,0.0,0.0
717,-71463.54249765191,59368.35812813137,7394.582333649278,17,0,0.0,0.0,0.0
718,-90903.23815697216,69991.39493710834,8855.142380331014,27,0,0.0,0.0,0.0
719,-77862.2525991055,48584.17195980134,6913.480528010085,25,0,0.0,0.0,0.0
720,-104946.66035739257,23620.932219631133,7128.808256305618,68,0,0.0,0.0,0.0
721,-98788.26466495352,43918.33504101892,7208.177909096401,53,0,0.0,0.0,0.0
722,-101184.98925247422,46632.7146939749,6957.889098804147,47,0,0.0,0.0,0.0
723,-70558.55785448452,67748.23332786796,7643.256912553096,9,0,0.0,0.0,0.0
724,-87788.43056769946,53254.35342999545,8071.909641006468,27,0,0.0,0.0,0.0
725,-62993.68142123877,49932.84018295178,6271.156763727752,15,0,-0.10316748432815075,362787.516875,5.0617861080169675
726,-79984.48402142501,65785.39258846991,8050.854092230042,19,0,0.0,0.0,0.0
727,-75338.66055236415,71896.72843713865,8386.719865394925,20,0,0.0,0.0,0.0
728,-104488.61545963646,28012.695295663383,7079.440305824364,57,0,0.0,0.0,0.0
729,-70674.47429461176,69496.16300652764,7730.9144860729575,11,0,0.0,0.0,0.0
730,-65756.20994725882,58549.03457282248,7219.149355031935,6,0,0.0,0.0,0.0
731,-73123.36265432606,66453.60154104445,7638.987197567343,12,0,0.0,0.0,0.0
732,-70902.26336532873,66729.11629645247,7769.143757904488,15,0,0.0,0.0,0.0
733,-70364.98794081206,64165.466062620144,7539.166850472262,8,0,0.0,0.0,0.0
734,-89576.95591227186,77265.50925057572,8974.338145164284,28,0,0.0,0.0,0.0
735,-100183.64935356565,19649.909168920465,6148.101698646075,55,0,0.0,0.0,0.0
736,-73231.43251676256,70650.89803737895,7950.9432223002195,10,0,0.0,0.0,0.0
737,-104168.10280989413,12169.14030280475,6724.627506856353,58,0,0.0,0.0,0.0
738,-91645.82680776578,44546.96264379769,7871.286229022756,36,0,0.0,0.0,0.0
739,-102684.2951624737,30247.798152094336,6115.562877257318,61,0,0.0,0.0,0.0
740,-99735.05619958357,30281.045076745846,6812.651593290567,60,0,0.0,0.0,0.0
741,-70475.05278622679,66472.83629252521,7819.089667753773,12,0,0.0,0.0,0.0
742,-104243.51219741913,53804.33106268216,7445.924968383463,63,0,0.0,0.0,0.0
743,-71121.95897762568,64898.208423892924,7563.6801159116185,11,0,0.0,0.0,0.0
744,-62236.4893950074,59865.31315494367,6899.10677021511,10,0,0.0,0.0,0.0
745,-62115.300758375924,54780.09970812587,6566.986423289043,5,0,0.0,0.0,0.0
746,-99144.45185675051,39777.49720819978,7537.498698701884,58,0,0.0,0.0,0.0
747,-104805.98561703641,33737.35176662645,7125.6432551449125,59,0,-0.09854804992675781,459898.933125,5.103683547973633
748,-93273.60941128193,39886.636016481985,6346.143753326991,52,0,0.0,0.0,0.0
749,-101891.09589963692,24101.147913793546,6580.4882768711905,62,0,0.0,0.0,0.0
750,-95937.64573965488,68303.00676944188,9434.590492346992,33,0,0.0,0.0,0.0
751,-63901.97909807532,63847.1619327683,7360.169754956837,6,0,0.0,0.0,0.0
752,-99020.52438548103,49810.231273254474,7151.919454323403,50,0,0.0,0.0,0.0
753,-98313.42787957449,40308.81204688861,7157.260159404595,53,0,0.0,0.0,0.0
754,-64253.299830213604,65053.72704227188,7278.263763706326,11,0,0.0,0.0,0.0
755,-94911.5133311885,6008.260094973111,5149.41346758945,55,0,0.0,0.0,0.0
756,-69721.3937469758,70153.95185363373,7839.173649402979,6,0,0.0,0.0,0.0
757,-95160.19396809486,15874.294743230934,5697.330556248609,54,0,0.0,0.0,0.0
758,-113727.3418638224,35925.21604267968,7803.94849304953,65,0,0.0,0.0,0.0
759,-101208.39702284982,34232.23306937849,6591.06964321248,64,0,0.0,0.0,0.0
760,-65810.38720307955,56984.41890195944,6807.741244861767,13,0,0.0,0.0,0.0
761,-105375.82643718545,37427.5389195319,6975.951664603265,61,0,0.0,0.0,0.0
762,-71373.20398021718,70177.59214769371,7928.646852179585,6,0,0.0,0.0,0.0
763,-107462.4556548573,30776.95515079216,6777.0544313125165,59,0,0.0,0.0,0.0
764,-67868.87761926901,57236.67729855743,7214.266834639887,12,0,0.0,0.0,0.0
765,-64504.63383175217,55220.742111883075,6779.094404923193,15,0,0.0,0.0,0.0
766,-96434.49694757714,31405.61117351989,6765.3157000924575,48,0,0.0,0.0,0.0
767,-83676.47275137281,80232.11273348979,8714.868620481902,17,0,0.0,0.0,0.0
768,-87277.59710607045,48675.68493666356,6865.014192297227,47,0,0.0,0.0,0.0
769,-93492.94564321025,26992.205606989988,6367.145179233081,55,0,-0.1029101699218154,632109.1675,5.8502137565612795
770,-73644.27296004875,65967.60537343514,7496.996558518723,11,0,0.0,0.0,0.0
771,-62030.28898417245,57009.63409241899,6938.684083533581,10,0,0.0,0.0,0.0
772,-77579.34750334143,67227.00599496551,7622.141868708505,15,0,0.0,0.0,0.0
773,-74624.96690362706,55284.02071826977,7375.674204590984,20,0,0.0,0.0,0.0
774,-74345.32404176865,74797.34128733937,8499.528742964438,14,0,0.0,0.0,0.0
775,-95864.6151646848,29367.22587935509,6274.571365026336,51,0,0.0,0.0,0.0
776,-101488.60995628868,40338.38673419767,7050.258406684825,53,0,0.0,0.0,0.0
777,-91688.69643277653,42906.29911237492,7183.334506001007,56,0,0.0,0.0,0.0
778,-96144.2529496175,27510.814700863633,6512.439187745226,56,0,0.0,0.0,0.0
779,-100081.90802543929,28842.728319056805,6382.184247419446,56,0,0.0,0.0,0.0
780,-110806.61638027872,26320.954454953415,6950.321831109319,59,0,0.0,0.0,0.0
781,-68225.55880864279,65358.109705702096,7526.699573348033,15,0,0.0,0.0,0.0
782,-99802.64087655155,30094.425499132067,6639.072325406109,56,0,0.0,0.0,0.0
783,-63053.37051392816,58466.329402668154,6888.273811184458,13,0,0.0,0.0,0.0
784,-62672.49899400707,61942.4984934639,6930.087787190523,10,0,0.0,0.0,0.0
785,-102377.59138696213,38417.77425740611,7329.978249548949,65,0,0.0,0.0,0.0
786,-60112.02466959868,60980.799878923164,7141.471831104734,5,0,0.0,0.0,0.0
787,-98292.68196963926,52776.35391057569,7583.509491378726,62,0,0.0,0.0,0.0
788,-64185.12058474047,62771.54943647246,7586.495332979853,10,0,0.0,0.0,0.0
789,-69320.01145922962,61569.14153950244,7411.228545940494,18,0,0.0,0.0,0.0
790,-68422.89855773667,48617.2330112856,6557.219673804534,27,0,0.0,0.0,0.0
791,-98654.9154004874,34943.09218853881,6453.903790708283,55,0,-0.10744504705071449,500760.546875,5.188543615341186
792,-100005.9546135587,39934.56094264064,7215.179098932806,53,0,0.0,0.0,0.0
793,-77876.96036266937,48354.01201262439,6871.2219372919435,32,0,0.0,0.0,0.0
794,-63950.22965671231,54676.71631946321,6542.6033477504,11,0,0.0,0.0,0.0
795,-90016.04385258263,20902.38653953861,6248.772643025925,70,0,0.0,0.0,0.0
796,-73475.43567016073,61204.802987171446,7557.695520730643,19,0,0.0,0.0,0.0
797,-112618.26942977008,36327.487004585884,7174.020740335356,63,0,0.0,0.0,0.0
798,-88461.18339791009,81039.64399751372,9867.693061791128,22,0,0.0,0.0,0.0
799,-69211.98285234779,62921.04349670117,7302.208274228649,12,0,0.0,0.0,0.0
800,-113202.245304036,27963.886150989012,7050.546940867661,70,0,0.0,0.0,0.0
801,-108801.83141341672,44657.92930848671,7519.4517197182995,64,0,0.0,0.0,0.0
802,-88004.48837036637,60616.08336412348,8335.67880376978,33,0,0.0,0.0,0.0
803,-76114.8974332431,61868.012937535765,7423.849638021792,17,0,0.0,0.0,0.0
804,-70474.33310449377,67125.55219356448,7804.537356871385,14,0,0.0,0.0,0.0
805,-101055.11335699844,19041.522005967425,5947.693487870273,77,0,0.0,0.0,0.0
806,-71620.30846461108,70142.73054160851,8015.4618932199055,14,0,0.0,0.0,0.0
807,-82718.82372853246,66115.02689083779,8558.242904912786,23,0,0.0,0.0,0.0
808,-100433.87016265091,24436.322887315997,6301.117414289356,66,0,0.0,0.0,0.0
809,-65236.49302695555,69160.03017828264,7716.565374481115,10,0,0.0,0.0,0.0
810,-65906.26965470193,66662.20007456612,7703.114138521418,15,0,0.0,0.0,0.0
811,-64472.897944241195,64996.8989584334,7395.54507791946,8,0,0.0,0.0,0.0
812,-75322.8432016591,66338.62490616707,7701.870727704785,14,0,0.0,0.0,0.0
813,-96265.71691159258,36339.28483966776,7044.837767069703,50,0,-0.09926698558032512,617204.03625,5.533414306640625
814,-71471.05721992777,64820.100360909906,7547.7728169843185,15,0,0.0,0.0,0.0
815,-68192.84477233983,54289.08304283751,7419.355863311862,23,0,0.0,0.0,0.0
816,-90290.67391302391,63128.67343876095,8429.418159021992,23,0,0.0,0.0,0.0
817,-67449.70608267337,60386.8648776437,7147.407485978493,17,0,0.0,0.0,0.0
818,-79509.53941014333,59390.77949696337,7678.389677628055,28,0,0.0,0.0,0.0
819,-117590.74464605624,35263.59354233247,7687.168933852867,71,0,0.0,0.0,0.0
820,-69413.30327319668,66947.0405715761,7884.187770342682,10,0,0.0,0.0,0.0
821,-105575.83916959577,52242.332938357744,8695.854071878,52,0,0.0,0.0,0.0
822,-75044.78283630143,62198.727032557756,7374.1549286416575,23,0,0.0,0.0,0.0
823,-101278.16176470031,54269.1395695895,8817.673672927516,45,0,0.0,0.0,0.0
824,-106233.18641994239,27893.31788232436,6844.965259901677,59,0,0.0,0.0,0.0
825,-107719.10604907192,38112.06909332021,7556.346722927911,66,0,0.0,0.0,0.0
826,-98831.23337576064,83302.46653276819,10018.325433795118,40,0,0.0,0.0,0.0
827,-96005.0459453679,59498.17097943077,8617.478693516972,37,0,0.0,0.0,0.0
828,-112519.96368079116,38808.91619084991,7319.890781664002,65,0,0.0,0.0,0.0
829,-97818.42635983831,30017.970913184818,6658.222171466092,58,0,0.0,0.0,0.0
830,-64777.818731691645,44956.372546882216,5771.108291509394,12,0,0.0,0.0,0.0
831,-66061.35903305789,61680.14609917943,7328.40285731636,16,0,0.0,0.0,0.0
832,-98538.16413658652,30064.310250643506,6304.665313560701,59,0,0.0,0.0,0.0
833,-70056.56730504664,69011.78769454476,8094.457340804842,13,0,0.0,0.0,0.0
834,-107112.42736713876,34051.278895080315,6745.248179090164,58,0,0.0,0.0,0.0
835,-98380.90978790558,26988.46827111665,6191.469953051604,63,0,-0.10829265989363193,722997.42125,6.0215275096893315
836,-87562.13520729658,81765.2033438267,9746.434547546158,19,0,0.0,0.0,0.0
837,-105153.3557228373,29099.895241504542,6222.26537839155,68,0,0.0,0.0,0.0
838,-64436.55657156383,68053.94569095956,7750.297834056954,9,0,0.0,0.0,0.0
839,-55962.13315523253,59646.449386044456,6867.162758948097,7,0,0.0,0.0,0.0
840,-75162.27530820551,55464.929226637265,7287.185049277083,22,0,0.0,0.0,0.0
841,-99374.05386941988,23543.66153835809,6182.502378462944,61,0,0.0,0.0,0.0
842,-55229.66753814828,50232.875654467236,5861.369740574367,9,0,0.0,0.0,0.0
843,-75248.88273986916,68676.20104926119,7623.79036521727,14,0,0.0,0.0,0.0
844,-77611.0982614441,59531.148455855924,7061.427941842215,21,0,0.0,0.0,0.0
845,-73893.03136350447,61549.277948418116,7516.336522094141,14,0,0.0,0.0,0.0
846,-66368.08204792542,60723.66116967822,7252.425535310889,16,0,0.0,0.0,0.0
847,-102332.74482959832,35702.613275919015,7195.070504394565,60,0,0.0,0.0,0.0
848,-93777.35948368521,16588.612694217132,5894.617518177267,61,0,0.0,0.0,0.0
849,-56726.21578891417,55593.783899207956,6499.670377747679,9,0,0.0,0.0,0.0
850,-62369.83114490719,65734.81004135686,7470.830484993716,10,0,0.0,0.0,0.0
851,-64990.05116651434,59003.194727257396,6814.244546837417,7,0,0.0,0.0,0.0
852,-104586.52475232852,8988.055636698358,6660.405030425643,65,0,0.0,0.0,0.0
853,-102838.02382720575,39434.91998780906,7346.485317661787,64,0,0.0,0.0,0.0
854,-65558.01546235432,61172.37377100665,7302.0673332081005,8,0,0.0,0.0,0.0
855,-72340.19931268053,65729.31033541895,7838.1831062198935,18,0,0.0,0.0,0.0
856,-63379.05030058958,66600.80756154312,7536.459831797665,4,0,0.0,0.0,0.0
857,-59841.05537303353,56936.605901712515,6525.749687820104,12,0,-0.08472331341356039,416825.59625,4.642558336257935
858,-71483.91868842476,69660.52342028495,8333.549852442902,10,0,0.0,0.0,0.0
859,-67550.18592123305,66526.90639072303,7803.911874564103,14,0,0.0,0.0,0.0
860,-78943.70356332132,57313.04555439853,7874.314519218739,29,0,0.0,0.0,0.0
861,-127496.23023196032,47288.25022260872,8878.025275976977,82,0,0.0,0.0,0.0
862,-100039.44923004168,37864.087930321446,6694.754150189636,61,0,0.0,0.0,0.0
863,-61687.91524868548,58696.35625372516,6850.5156643421715,13,0,0.0,0.0,0.0
864,-63861.55201814412,60880.35682942077,7126.842591084165,7,0,0.0,0.0,0.0
865,-76769.0258697223,68028.06900189351,8155.543859171018,18,0,0.0,0.0,0.0
866,-71157.34024763765,69477.75748735768,8006.982242918509,14,0,0.0,0.0,0.0
867,-77123.58593662475,50931.076349790565,6803.366516325855,32,0,0.0,0.0,0.0
868,-101725.65799008732,38614.18623665356,7187.6859305457865,52,0,0.0,0.0,0.0
869,-58833.056765929716,65015.8822945697,7414.997095743629,2,0,0.0,0.0,0.0
870,-113112.40909360084,29520.808304210288,7698.215976916522,68,0,0.0,0.0,0.0
871,-104209.67024493119,18277.73405116985,6329.111728637329,60,0,0.0,0.0,0.0
872,-64359.05395664333,52838.919922409645,6627.456513544851,11,0,0.0,0.0,0.0
873,-71302.08029109232,66000.30725965783,7645.010571920946,11,0,0.0,0.0,0.0
874,-96981.62519352858,55756.64923627447,8100.258519896934,45,0,0.0,0.0,0.0
875,-73871.8875509894,60617.28379293129,7603.709043427393,18,0,0.0,0.0,0.0
876,-66924.19951603256,57395.90476474195,7077.85299343606,16,0,0.0,0.0,0.0
877,-111549.27247410388,42946.61000176544,7358.66805790398,81,0,0.0,0.0,0.0
878,-92461.270969553,60785.948747743474,8401.063509918673,37,0,0.0,0.0,0.0
879,-119639.84794831938,44804.866931199576,8092.891174840309,68,0,-0.10608403787016868,753487.024375,5.472593774795532
880,-57705.247407575436,63624.772704982126,7150.298143581391,5,0,0.0,0.0,0.0
881,-83349.01086260073,69952.8602371643,8745.598213200654,30,0,0.0,0.0,0.0
882,-53585.205795986716,55035.57587711636,6293.028832493154,5,0,0.0,0.0,0.0
883,-103747.7157595404,38630.10465424415,7265.04634967255,55,0,0.0,0.0,0.0
884,-57566.52644656382,49378.153946674654,6028.4310811285195,4,0,0.0,0.0,0.0
885,-62491.16136713741,44939.731559713444,6008.910938992422,10,0,0.0,0.0,0.0
886,-80968.99759854146,59533.36670829759,8159.307756249141,26,0,0.0,0.0,0.0
887,-63858.124208956644,51270.906693111734,6435.397815160802,12,0,0.0,0.0,0.0
888,-87282.61049053841,48570.20989990127,7885.364196051899,31,0,0.0,0.0,0.0
889,-101138.14539382065,44789.178572718476,7529.558337794339,46,0,0.0,0.0,0.0
890,-62385.37343563152,68783.64004565103,7640.699962648016,5,0,0.0,0.0,0.0
891,-113924.94116909627,27307.238926755548,7292.136398868043,67,0,0.0,0.0,0.0
892,-81903.85574185062,51278.57840313903,7442.715122591794,30,0,0.0,0.0,0.0
893,-108486.74175247912,41865.062079689334,7322.800217057721,56,0,0.0,0.0,0.0
894,-88888.90713668418,64916.74577231223,8674.206306235621,26,0,0.0,0.0,0.0
895,-65260.27794505989,65822.9029726899,7234.0565718736125,10,0,0.0,0.0,0.0
896,-105171.89640096262,63461.43824453643,9198.328894855526,43,0,0.0,0.0,0.0
897,-66897.17247827975,69708.58768242183,7679.602186478072,14,0,0.0,0.0,0.0
898,-94873.39472345133,59420.47007206099,8567.450679311845,38,0,0.0,0.0,0.0
899,-84377.39333244915,70014.13216945658,8790.88270313109,31,0,0.0,0.0,0.0
900,-91442.19254819036,51812.179839617966,8050.2509389843335,36,0,0.0,0.0,0.0
901,-69071.96677643916,69201.64499461435,7747.573488244175,8,0,-0.08411445546895266,442281.4221875,4.74307080745697
902,-105573.05312922035,8909.082834977911,6554.01093105544,57,0,0.0,0.0,0.0
903,-100871.28577814328,42458.00328223198,7086.679147987599,67,0,0.0,0.0,0.0
904,-108959.76195523873,14339.78861908337,6872.289197195576,68,0,0.0,0.0,0.0
905,-69611.00530814588,73023.95990985818,8059.073613257336,10,0,0.0,0.0,0.0
906,-65755.94340392032,64117.23114642251,7199.040276942101,9,0,0.0,0.0,0.0
907,-109439.45477574367,49679.56249634051,7331.067634713758,61,0,0.0,0.0,0.0
908,-95227.27826565127,32364.595181338856,6580.989523474559,52,0,0.0,0.0,0.0
909,-69146.3286639421,69012.61231464213,7736.506260276065,15,0,0.0,0.0,0.0
910,-121023.57618638576,42620.29801200393,7962.903657577758,70,0,0.0,0.0,0.0
911,-66154.3434405999,63884.49659740043,7300.893718221015,11,0,0.0,0.0,0.0
912,-67551.35188851847,63715.745142482185,7675.549859311639,14,0,0.0,0.0,0.0
913,-59612.511368987376,59270.021111394206,6714.256679678566,9,0,0.0,0.0,0.0
914,-98970.41688965881,32917.612213444896,6052.685082128278,53,0,0.0,0.0,0.0
915,-78777.33613992001,78859.32799716065,9180.640582924696,13,0,0.0,0.0,0.0
916,-61242.373330938986,69679.02671336377,7784.768068169533,9,0,0.0,0.0,0.0
917,-109725.52483735379,41211.261086383754,7511.700740261491,75,0,0.0,0.0,0.0
918,-121966.44120044586,30693.297488442986,7452.561173519662,73,0,0.0,0.0,0.0
919,-85769.06682672993,45300.27770133583,6109.72421606277,45,0,0.0,0.0,0.0
920,-54868.965919067356,67322.64532287806,7226.144449905853,3,0,0.0,0.0,0.0
921,-102457.55879865013,72225.61275590329,9624.28283660932,44,0,0.0,0.0,0.0
922,-90363.18371805127,55440.59041136995,8285.901997768337,35,0,0.0,0.0,0.0
923,-60570.96004551681,62937.55962940264,6924.608462084565,6,0,-0.10614326044917106,1013663.51375,5.796889953613281
924,-86646.90412251787,65526.723983711454,8412.993956102096,33,0,0.0,0.0,0.0
925,-75088.09036250574,75343.5284206908,8576.753105249503,14,0,0.0,0.0,0.0
926,-101136.25788636395,47877.63032699879,6903.903159319235,54,0,0.0,0.0,0.0
927,-111372.24024590467,27175.550361030848,6651.612798278944,65,0,0.0,0.0,0.0
928,-68763.0214716597,60726.280633313305,7156.682802465,13,0,0.0,0.0,0.0
929,-110180.6099713719,37784.85033084132,7127.3752924676855,59,0,0.0,0.0,0.0
930,-97520.3620419927,70734.50202195901,9183.880961322895,34,0,0.0,0.0,0.0
931,-67790.54580261979,64810.264422377535,7306.808433647359,12,0,0.0,0.0,0.0
932,-65045.44025838134,57323.23463611847,6633.889853842279,15,0,0.0,0.0,0.0
933,-71206.24531643694,71243.73675216139,8306.092331593869,9,0,0.0,0.0,0.0
934,-59658.990412643274,62817.26546674759,7097.827039912112,6,0,0.0,0.0,0.0
935,-63348.31422767792,60965.17732330142,7051.092345989259,11,0,0.0,0.0,0.0
936,-61235.69865747399,63641.5395275297,7263.699577119443,9,0,0.0,0.0,0.0
937,-105022.0864151514,40053.52683985793,7319.305142956584,63,0,0.0,0.0,0.0
938,-113967.5132362483,6916.727299390083,6000.557695838948,74,0,0.0,0.0,0.0
939,-61179.40706729192,61747.025365179354,6844.899682012236,7,0,0.0,0.0,0.0
940,-68672.61659988893,64513.78393521326,7597.859174427841,16,0,0.0,0.0,0.0
941,-61804.15786035894,60494.14458733133,7166.158086607152,10,0,0.0,0.0,0.0
942,-56284.25558139149,64493.69407736265,7199.062419685323,10,0,0.0,0.0,0.0
943,-61745.816153839005,58474.838290588574,6991.8943126582235,11,0,0.0,0.0,0.0
944,-66756.85406988619,62663.46675723614,7461.342056230293,9,0,0.0,0.0,0.0
945,-59385.07225236796,57813.8959130932,6697.792518568949,10,0,-0.08161095350980759,559658.4059375,4.301403141021728
946,-82127.80754710155,60106.323940455055,8173.4835505180845,29,0,0.0,0.0,0.0
947,-102280.32492788743,58004.53578698,8279.960769346702,44,0,0.0,0.0,0.0
948,-92734.9748579192,48804.55659696352,7580.507371703493,41,0,0.0,0.0,0.0
949,-103119.02723863335,58671.02934757998,8675.150546152907,51,0,0.0,0.0,0.0
950,-99620.49986645658,62024.31048645457,8445.567419731662,37,0,0.0,0.0,0.0
951,-88292.48245728885,55706.860267158,8116.5158156512925,37,0,0.0,0.0,0.0
952,-90314.79347139987,51479.07413150606,7203.046217944851,37,0,0.0,0.0,0.0
953,-67740.33299325098,66663.83719540568,7591.14467632591,11,0,0.0,0.0,0.0
954,-116876.93475198446,42623.55682824562,7354.418289801345,66,0,0.0,0.0,0.0
955,-73288.45825307751,63974.99880004547,7621.910698782447,19,0,0.0,0.0,0.0
956,-105041.34687217044,63169.79854108558,9146.179058666507,45,0,0.0,0.0,0.0
957,-112548.95824729209,33396.15729345496,7243.589244786436,63,0,0.0,0.0,0.0
958,-125705.50656374442,45466.447992589594,8086.404408146516,76,0,0.0,0.0,0.0
959,-108134.27890335523,42036.66439943069,7215.974180961042,68,0,0.0,0.0,0.0
960,-66686.13205986262,54369.93062610436,6470.5807002195115,13,0,0.0,0.0,0.0
961,-113918.381396141,43919.33339163947,7663.120286862798,63,0,0.0,0.0,0.0
962,-57281.651907650536,56685.17885476769,6551.7130025623865,3,0,0.0,0.0,0.0
963,-93203.83713942411,52325.36548570958,7384.587371623778,37,0,0.0,0.0,0.0
964,-110636.09431127163,38948.522929201725,7237.347220843366,69,0,0.0,0.0,0.0
965,-68646.49392546545,65710.38835622811,7782.22527036412,16,0,0.0,0.0,0.0
966,-61785.72882676809,66136.31937938198,7280.338299210572,13,0,0.0,0.0,0.0
967,-96521.45329076426,53703.5497126065,8395.303334729231,48,0,-0.10176275081932545,925074.16875,6.072474775314331
968,-66021.72491242865,81926.02168684326,8734.849465325737,2,0,0.0,0.0,0.0
969,-126910.48191677824,22654.7300969229,6992.369297227372,75,0,0.0,0.0,0.0
970,-78223.16523527197,77105.76293074571,8712.770199280425,19,0,0.0,0.0,0.0
971,-119970.96949112066,24780.683223155993,6576.441226325086,75,0,0.0,0.0,0.0
972,-71842.30855980878,62705.78748948646,7757.109476549046,12,0,0.0,0.0,0.0
973,-55450.32080260424,58782.75090310362,6617.480131720375,5,0,0.0,0.0,0.0
974,-130090.28431232786,51461.245204521816,8123.404346593571,77,0,0.0,0.0,0.0
975,-77535.58740671325,79290.3438372897,9144.57764755271,20,0,0.0,0.0,0.0
976,-65774.22002158439,65743.77693795277,7511.532629674863,11,0,0.0,0.0,0.0
977,-118053.60195357096,41318.747121822795,7192.504467173568,75,0,0.0,0.0,0.0
978,-113707.1761269795,34250.743968591756,7384.128522193971,61,0,0.0,0.0,0.0
979,-100251.1028795565,28806.450316802988,6228.075734984819,58,0,0.0,0.0,0.0
980,-59142.381196657014,57538.168915039816,6589.927667923045,3,0,0.0,0.0,0.0
981,-117300.35115547106,51873.89904030854,8012.878515835324,62,0,0.0,0.0,0.0
982,-57726.64585218729,60333.42816293026,6881.225381017851,4,0,0.0,0.0,0.0
983,-62887.74410208318,59130.418288172914,7141.930959172599,8,0,0.0,0.0,0.0
984,-107820.46428226681,52477.97730118498,8550.776752481668,54,0,0.0,0.0,0.0
985,-64112.57740437175,78587.92288892061,8474.07772530481,10,0,0.0,0.0,0.0
986,-61044.16108330784,71027.53310012209,7898.876068092791,9,0,0.0,0.0,0.0
987,-63289.3759434856,71167.71201028804,8024.751261407506,9,0,0.0,0.0,0.0
988,-54360.50612016656,50015.26802274377,5859.930455987808,5,0,0.0,0.0,0.0
989,-111153.0272856348,39249.87100413401,7009.930457201422,66,0,-0.08379597675055266,1029216.57625,5.146754388809204
990,-66877.08857339254,57625.08193094916,6949.53251241982,14,0,0.0,0.0,0.0
991,-107964.30012864897,32997.3339982633,6614.970745650519,63,0,0.0,0.0,0.0
992,-70703.36308982351,73028.2022837022,8003.39096224889,14,0,0.0,0.0,0.0
993,-61682.71197429758,69953.98661760005,7627.052970716146,6,0,0.0,0.0,0.0
994,-98679.23498134065,34953.92550516898,7373.864983970286,53,0,0.0,0.0,0.0
995,-68772.03768674827,67326.08797220691,7934.2150841811235,14,0,0.0,0.0,0.0
996,-69019.93410404559,78002.87219593838,8645.453773240662,8,0,0.0,0.0,0.0
997,-70191.55783029618,67646.12105706679,8081.217823434004,19,0,0.0,0.0,0.0
998,-89607.82253654614,66425.62432661216,8801.911891441681,36,0,0.0,0.0,0.0
999,-54802.747689879674,64065.20812484162,7276.651604178514,2,0,0.0,0.0,0.0
